Mathematica;DLMF;Number of Variables;Mathematica-DLMF-Comment;Mathematica-Constriants;Mathematica-Branch Cuts;Mathematica-Alternatives;DLMF-Alternatives;Mathematica-Link
Sin[$0];\sin@@{z};1;;;;;;https://reference.wolfram.com/language/ref/Sin.html
Cos[$0];\cos@@{z};1;;;;;;https://reference.wolfram.com/language/ref/Cos.html
Tan[$0];\tan@@{z};1;;;;;;https://reference.wolfram.com/language/ref/Tan.html
Sec[$0];\sec@@{z};1;;;;;;https://reference.wolfram.com/language/ref/Sec.html
Csc[$0];\csc@@{z};1;;;;;;https://reference.wolfram.com/language/ref/Csc.html
Cot[$0];\cot@@{z};1;;;;;;https://reference.wolfram.com/language/ref/Cot.html
;;;;;;;;
Sinh[$0];\sinh@@{z};1;;;;;;https://reference.wolfram.com/language/ref/Sinh.html
Cosh[$0];\cosh@@{z};1;;;;;;https://reference.wolfram.com/language/ref/Cosh.html
Tanh[$0];\tanh@@{z};1;;;;;;https://reference.wolfram.com/language/ref/Tanh.html
Sech[$0];\sech@@{z};1;;;;;;https://reference.wolfram.com/language/ref/Sech.html
Csch[$0];\csch@@{z};1;;;;;;https://reference.wolfram.com/language/ref/Csch.html
Coth[$0];\coth@@{z};1;;;;;;https://reference.wolfram.com/language/ref/Coth.html
;;;;;;;;
ArcSin[$0];\asin@@{z};1;;;;;;https://reference.wolfram.com/language/ref/ArcSin.html
ArcCos[$0];\acos@@{z};1;;;;;;https://reference.wolfram.com/language/ref/ArcCos.html
ArcTan[$0];\atan@@{z};1;;;;;;https://reference.wolfram.com/language/ref/ArcTan.html
ArcSec[$0];\asec@@{z};1;;;;;;https://reference.wolfram.com/language/ref/ArcSec.html
ArcCsc[$0];\acsc@@{z};1;;;;;;https://reference.wolfram.com/language/ref/ArcCsc.html
ArcCot[$0];\acot@@{z};1;;;;;;https://reference.wolfram.com/language/ref/ArcCot.html
;;;;;;;;
ArcSinh[$0];\asinh@@{z};1;;;;;;https://reference.wolfram.com/language/ref/ArcSinh.html
ArcCosh[$0];\acosh@@{z};1;;;;;;https://reference.wolfram.com/language/ref/ArcCosh.html
ArcTanh[$0];\atanh@@{z};1;;;;;;https://reference.wolfram.com/language/ref/ArcTanh.html
ArcSech[$0];\asech@@{z};1;;;;;;https://reference.wolfram.com/language/ref/ArcSech.html
ArcCsch[$0];\acsch@@{z};1;;;;;;https://reference.wolfram.com/language/ref/ArcCsch.html
ArcCoth[$0];\acoth@@{z};1;;;;;;https://reference.wolfram.com/language/ref/ArcCoth.html
;;;;;;;;
Log[$0];\ln@@{z};1;;;;;;https://reference.wolfram.com/language/ref/Log.html
Log[$0];\log@@{z};;;;;;;
Log[$0,$1];\genlog{a}@@{z};2;;;;;;https://reference.wolfram.com/language/ref/Log.html
;;;;;;;;
;\Ln@@{z};;;;;;;
Exp[$0];\exp@@{z};1;;;;;;https://reference.wolfram.com/language/ref/Exp.html
;;;;;;;;
ProductLog[$0];\LambertW@{x};;;;;;;
ProductLog[$0];\LambertWp@{x};1;;;;;;http://reference.wolfram.com/language/ref/ProductLog.html
ProductLog[-1, $0];\LambertWm@{x};2;;;;;;http://reference.wolfram.com/language/ref/ProductLog.html
;;;;;;;;
SinIntegral[$0];\sinint@{z};1;;;;;;https://reference.wolfram.com/language/ref/SinIntegral.html
SinIntegral[$0] - Pi/2;\shiftsinint@{z};1;;;;;;https://reference.wolfram.com/language/ref/SinIntegral.html
;\gensinint@{a}{z};;;;;;;not defined
;\genshiftsinint@{a}{z};;;;;;;not defined
CosIntegral[$0];\cosint@{z};1;;;;;;https://reference.wolfram.com/language/ref/CosIntegral.html
;\cosintCin@{z};;;;;;;not defined
;\gencosint@{a}{z};;;;;;;not defined
;\genshiftcosint@{a}{z};;;;;;;not defined
;\auxsincosintf@{z};;;;;;;not defined
;\auxsincosintg@{z};;;;;;;not defined
;;;;;;;;
SinhIntegral[$0];\sinhint@{z};1;;;;;;https://reference.wolfram.com/language/ref/SinhIntegral.html
CoshIntegral[$0];\coshint@{z};1;;;;;;https://reference.wolfram.com/language/ref/CoshIntegral.html
;;;;;;;;
Gudermannian[$0];\Gudermannian@@{x};1;;;;;;https://reference.wolfram.com/language/ref/Gudermannian.html
InverseGudermannian[$0];\aGudermannian@@{x};1;;;;;;https://reference.wolfram.com/language/ref/InverseGudermannian.html
;;;;;;;;
;\expintEi@{x};;;;;-ExpIntegralEi[-($0)];;https://reference.wolfram.com/language/ref/ExpIntegralEi.html
;\expintE@{x};;;;;-ExpIntegralEi[-($0)];;https://reference.wolfram.com/language/ref/ExpIntegralEi.html
;\expintEin@{z};;;;;-ExpIntegralEi[-($0)] + Ln[$0] + EulerGamma;;https://reference.wolfram.com/language/ref/ExpIntegralEi.html
Ei[$0, $1];\genexpintE{p}@{z};;;;;;;
LogIntegral[$0];\logint@{x};1;;;(-\inf, 1);;;https://reference.wolfram.com/language/ref/LogIntegral.html
PolyLog[2, $0];\dilog@{z};;;;;;;
PolyLog[$0, $1];\polylog{s}@{z};;;;;;;
;\Jonquierephi@{z}{s};;;;;;;
;;;;;;;;
;\Matrix{A};;;;;;;
;\Vector{a};;;;;;;
;\trace \Matrix{X};;;;;;;
;\transpose \Matrix{X};;;;;;;
;\exptrace@{\Matrix{X}};;;;;;;
;\det A;;;;;;;
;\diag A;;;;;;;
Arg[$0];\phase@@{z};1;;;;;;https://reference.wolfram.com/language/ref/Arg.html
Arg[$0];\phase@@{z};1;;;;;;https://reference.wolfram.com/language/ref/Arg.html
;;;;;;;;
Conjugate[$0];\conj{z};1;;;;;;https://reference.wolfram.com/language/ref/Conjugate.html
Re[$0];\realpart@@{z};1;;;;;;https://reference.wolfram.com/language/ref/Re.html
Im[$0];\imagpart@@{z};1;;;;;;https://reference.wolfram.com/language/ref/Im.html
Sqrt[$0];\sqrt{z};1;;;;;;https://reference.wolfram.com/language/ref/Sqrt.html
Surd[$1, $0];\sqrt[p]{z};2;;;;;;https://reference.wolfram.com/language/ref/Surd.html
Sign[$0];\sign@@{x};1;;;;;;https://reference.wolfram.com/language/ref/Sign.html
Binomial[$0, $1];\binom{n}{k};2;;;;;;https://reference.wolfram.com/language/ref/Binomial.html
Binomial[$0, $1];\binom{n}{k};2;;;;;;https://reference.wolfram.com/language/ref/Binomial.html
Multinomial[n_1,...,n_k];\multinomial{m}{n_1,...,n_k};;;;;;;https://reference.wolfram.com/language/ref/Multinomial.html
Abs[$0];|z|;1;;;;;;https://reference.wolfram.com/language/ref/Abs.html
Abs[$0];\left|z\right|;1;;;;;;https://reference.wolfram.com/language/ref/Abs.html
Abs[$0];\abs{x};;;;;;;
FractionalPart[$0];;1;;;;;;https://reference.wolfram.com/language/ref/FractionalPart.html
Round[$0];;1;;;;;;https://reference.wolfram.com/language/ref/Round.html
Floor[$0];\floor{x};1;;;;;;https://reference.wolfram.com/language/ref/Floor.html
Min[x1, x2, ...];;;;;;;;https://reference.wolfram.com/language/ref/Min.html
Max[x1, x2, ...];;;;;;;;https://reference.wolfram.com/language/ref/Max.html
GCD[$0];\pgcd{m,n};2;;;;;;https://reference.wolfram.com/language/ref/GCD.html
LCM[m,n,...];;;;;;;;https://reference.wolfram.com/language/ref/LCM.html
;\f{f}@{x};;;;;;;
;\in;;;;;;;
;\notin;;;;;;;
\[ForAll];\forall;;;;;;;
;\Longrightarrow;;;;;;;
;\Longleftrightarrow;;;;;;;
;=;;;;;;;
;\neq;;;;;;;
Divide[$0, $1];\ifrac{a}{b};2;;;;;;https://reference.wolfram.com/language/ref/Divide.html
Power[$0, $1];\power{x}{y};2;;;;;;https://reference.wolfram.com/language/ref/Power.html
$0!;n!;;;;;;;https://reference.wolfram.com/language/ref/Factorial.html
$0!!;n!!;;;;;;;https://reference.wolfram.com/language/ref/Factorial2.html
;\shiftfactorial{a}{\kappa};;;;;;;
Floor[$0];\floor{x} ;;;;;;;
Ceiling[$0];\ceiling{x};;;;;;;
Sign[$0];\sign@@{x};;;;;;;
;\inf;;;;;;;
;\sup;;;;;;;
;\Sum{n}{k1}{k2}@{f(n)};;;;;;;
;\Prod{n}{k1}{k2}@{f(n)};;;;;;;
Wronskian[{$1,$2},$0];\Wronskian@{w1(z),w2(z)};;;;;;;
;\Residue;;;;;;;
;\card{A};;;;;;;
;\cartprod;;;;;;;
\[Divides];\divides;;;;;;;
;\liminf;;;;;;;
;\mod;;;;;;;
;\opminus;;;;;;;
;\poly{p}{n}@{x};;;;;;;
;\ncompositions[m]@{n};;;;;;;
;\intinnerprod{f}{g};;;;;;;
;\Lattice{L};;;;;;;
;\fDiff[x];;;;;;;
;\bDiff[x];;;;;;;
;\cDiff[x];;;;;;;
D[$0, $1];\deriv{f}{x};;;;;;;
D[$0, $1];\pderiv{f}{x};;;;;;;
;\diff{x};;;;;;;
;\pdiff{x};;;;;;;
Integrate[$1, $0];\AntiDer@{x}{f(x)};;;;;;;
Integrate[$3, {$2, $0, $1}];\Int{a}{b}@{x}{f(x)};;;;;;;
;\int;;;;;;;
;\pvint_{a}^{b} \f{f}@{x} \diff{x};;;;;;;
;\Schwarzian{z}{\zeta};;;;;;;
Complexes;\Complexes;;;;;;;
Reals;\Reals;;;;;;;
Rationals;\Rationals;;;;;;;
;\Integers;;;;;;;
;\natNumbers;;;;;;;
;\continuous@{A};;;;;;;
;\SpaceTestFunTempered@{A};;;;;;;
;;;;;;;;
;;;;;;;;
;\setminus;;;;;;;
;\subseteq;;;;;;;
;\subset;;;;;;;
;\setmod;;;;;;;
;\npartitions{n};;;;;;;
;\npartitions[k]@{n};;;;;;;
Permutations[$0];\npermutations{n};;;;;;;
;\nplanepartitions@{n};;;;;;;
;\nrestpartitions[k]@{\mathrm{condition}}{n};;;;;;;
;\nrestcompositions@{\mathrm{condition}}{n};;;;;;;
;\bigO@{x};;;;;;;
;\littleo@{x};;;;;;;
;\sim;;;;;;;
;;;;;;;;
;;;;;;;;
;;;;;;;;
;DRMF Macro;;;;;;;
AiryAi[$0];\AiryAi@{z};1;;;;;;
AiryBi[$0];\AiryBi@{z};1;;;;;;
;\AirymodM@{z};;;;;;;
;\AirymodderivN@{z};;;;;;;
;\Airyphasederivphi@{z};;;;;;;
;\Airyphasetheta@{z};;;;;;;
;\genAiryODEA{n}@{z};;;;;;;
;\genAiryODEB{n}@{z};;;;;;;
;\genAiryintA{k}@{z}{p};;;;;;;
;\genAiryintB{k}@{z}{p};;;;;;;
;\zAirya{k};;;;;;;
;\zderivAirya{k};;;;;;;
;\zAiryb{k};;;;;;;
;\zderivAiryb{k};;;;;;;
;\zAirybeta{k};;;;;;;
;\zderivAirybeta{k};;;;;;;
;;;;;;;;
AngerA[$0, $1];\AngerJ{v}@{x};;;;;;;
WeberE[$0, $1];\WeberE{v}@{x};;;;;;;
;\AngerWeberA{v}@{x};;;;;;;
;;;;;;;;
;\AppellF{1}@{\alpha}{\beta}{\beta'}{\gamma}{x}{y};;;;;;;
;\AppellF{2}@{\alpha}{\beta}{\beta'}{\gamma}{\gamma'}{x}{y};;;;;;;
;\AppellF{3}@{\alpha}{\alpha'}{\beta}{\beta'}{\gamma}{x}{y};;;;;;;
;\AppellF{4}@{\alpha}{\beta}{\gamma}{\gamma'}{x}{y};;;;;;;
;;;;;;;;
BesselJ[$0, $1];\BesselJ{v}@{x};2;;;;;;https://reference.wolfram.com/language/ref/BesselJ.html
BesselY[$0, $1];\BesselY{v}@{x};2;;;;;;
HankelH1[$0, $1];\HankelH{1}{v}@{x};;;;;;;
HankelH2[$0, $1];\HankelH{2}{v}@{x};;;;;;;
;\HankelmodM{\nu}@{x};;;;;;;
;\HankelmodderivN{\nu}@{x};;;;;;;
;\Hankelphasetheta{\nu}@{x};;;;;;;
;\Hankelphasederivphi{\nu}@{x};;;;;;;
;\zBesselj{\nu}{m};;;;;;;
;\zderivBesselj{\nu}{m};;;;;;;
;\zBessely{\nu}{m};;;;;;;
;\zderivBessely{\nu}{m};;;;;;;
;\BesselJimag{\nu}@{x};;;;;;;
;\BesselYimag{\nu}@{x};;;;;;;
BesselI[$0, $1];\modBesselI{v}@{x};;;;;;;
BesselK[$0, $1];\modBesselK{v}@{x};;;;;;;
ParabolicCylinderD[$0, $1];\modcylinder{\nu}@{z};;;;;;;
;\modBesselIimag{\nu}@{x};;;;;;;
;\modBesselKimag{\nu}@{x};;;;;;;
;\genBesselphi@{\rho}{\beta}{z};;;;;;;
;\MittagLefflerE{a}{b}@{z};;;;;;;
;\sphBesselJ{n}@{z};;;;;;;
;\sphBesselY{n}@{z};;;;;;;
;\sphHankelh{1}{n}@{z};;;;;;;
;\sphHankelh{2}{n}@{z};;;;;;;
;\modsphBesseli{1}{n}@{z};;;;;;;
;\modsphBesseli{2}{n}@{z};;;;;;;
;\modsphBesselK{n}@{z};;;;;;;
;\BesselAmat{\nu}@{\Matrix{T}};;;;;;;
;\BesselBmat{\nu}@{\Matrix{T}};;;;;;;
;\JacksonqBesselI{\nu}@{z}{q};;;;;;;
;\JacksonqBesselII{\nu}@{z}{q};;;;;;;
;\JacksonqBesselIII{\nu}@{z}{q};;;;;;;
;;;;;;;;
;\BickleyKi{\alpha}@{x};;;;;;;
;;;;;;;;
Beta[$0, $1];\EulerBeta@{a}{b};2;;;;;;https://reference.wolfram.com/language/ref/Beta.html
Beta[$0, $1, $2];\incBeta{x}@{a}{b};3;;;(-\inf, 0);;;https://reference.wolfram.com/language/ref/Beta.html
BetaRegularized[$0, $1, $2];\normincBetaI{x}@{a}{b};3;;;;;;https://reference.wolfram.com/language/ref/BetaRegularized.html
;\multivarEulerBeta{m}@{a}{b};;;;;;;
;;;;;;;;
;\canonint{K}@{\Vector{x}};;;;;;;
;\umbcanonint@{\Vector{x}};;;;;;;
;\ellumbcanonint@{\Vector{x}};;;;;;;
;\hyperumbcanonint@{\Vector{x}};;;;;;;
;;;;;;;;
;\Catalannumber@{n};;;;;;;
;;;;;;;;
;\cuspcatastrophe{K}@{t}{\Vector{x}};;;;;;;
;\ellumbcatastrophe@{s}{t}{\Vector{x}};;;;;;;
;\hyperumbcatastrophe@{s}{t}{\Vector{x}};;;;;;;
;\diffrcanonint{K}@{\Vector{x}}{k};;;;;;;
;\umbdiffrcanonint@{\Vector{x}}{k};;;;;;;
;\ellumbdiffrcanonint@{\Vector{x}}{k};;;;;;;
;\hyperumbdiffrcanonint@{\Vector{x}}{k};;;;;;;
;;;;;;;;
;\ChebyshevPsi@{x};;;;;;;
;;;;;;;;
;\regCoulombF{L}@{\eta}{\rho};;;;;;;
;\regCoulombf@{\epsilon}{\ell}{r};;;;;;;
;\irregCoulombc@{\epsilon}{\ell}{r};;;;;;;
;\regCoulombs@{\epsilon}{\ell}{r};;;;;;;
;\irregCoulombh@{\epsilon}{\ell}{r};;;;;;;
;\irregCoulombG{\ell}@{\eta}{\rho};;;;;;;
;\irregCoulombH{\pm}{\ell}@{\eta}{\rho};;;;;;;
;\normCoulombC{\ell}@{\eta};;;;;;;
;\Coulombphasetheta{\ell}@{\eta}{\rho};;;;;;;
;\Coulombphasesigma{\ell}@{\eta};;;;;;;
;\envCoulumbM{\ell}@{\eta}{\rho};;;;;;;
;\Coulombturnrho@{\eta}{\ell};;;;;;;
;\Coulombturnr@{\epsilon}{\ell};;;;;;;
;;;;;;;;
;\BesselC{\nu}@{z};;;;;;;
;\paraU@{a}{z};;;;;;;
;\paraUbar@{a}{x};;;;;;;
;\paraV@{a}{z};;;;;;;
;\paraW@{a}{x};;;;;;;
;\WhittakerparaD{\nu}@{z};;;;;;;
;;;;;;;;
DawsonF[$0];\DawsonsintF@{z};1;;;;;;https://reference.wolfram.com/language/ref/DawsonF.html
;;;;;;;;
DedekindEta[$0];\Dedekindeta@{\tau};;;;;;;
;;;;;;;;
DiracDelta[$0];\Diracdelta@{x-a};;;;;;;
;\deltaDistribution;;;;;;;
;;;;;;;;
DirichletL[$0, $2, $1];\DirichletL@{s}{\chi};;;;;;;
DirichletCharacter[$1, $2, $0];\Dirichletchar@@{n}{k};;;;;;;
;;;;;;;;
;\DiscriminantDelta@{\tau};;;;;;;
;;;;;;;;
PrimeNu[$0];\nprimesdiv@{n};;;;;;;
PrimePi[$0];\nprimes@{x};;;;;;;
;\ndivisors[k]@{n};;;;;;;
;\ndivisors@{n};;;;;Length[Divisors[$0]];;
DivisorSigma[$0, $1];\sumdivisors{\alpha}@{n};;;;;;;
DivisorSigma[1, $0];\sumdivisors{1}@{n};;;;;;;
;\JordanJ{k}@{n};;;;;;;
;\Moebiusmu@{n};;;;;;;
;\Liouvillelambda@{n};;;;;;;
;\MangoldtLambda@{n};;;;;;;
;;;;;;;;
;\Bulirschcompellintcel@{k_c}{p}{a}{b};;;;;;;
;\Bulirschincellintel{1}@{x}{k_c};;;;;;;
;\Bulirschincellintel{2}@{x}{k_c}{a}{b};;;;;;;
;\Bulirschincellintel{3}@{x}{k_c}{p};;;;;;;
;\Carlsonmultivarhyper{-a}@{\Vector{b}}{\Vector{z}};;;;;;;
;\CarlsonsymellintRF@@{x}{y}{z};;;;;;;
;\CarlsonsymellintRJ@@{x}{y}{z}{p};;;;;;;
;\CarlsonsymellintRG@@{x}{y}{z};;;;;;;
;\CarlsonsymellintRD@@{x}{y}{z};;;;;;;
;\CarlsonellintRC@@{x}{y};;;;;;;
;;;;;;;;
;\EulersumH@{s};;;;;;;
;\genEulersumH@{s}{z};;;;;;;
EulerPhi[$0];\EulerPhi@{x};;;;;;;
Gamma[$0];\EulerGamma@{z};1;;;;;;https://reference.wolfram.com/language/ref/Gamma.html
;\Eulertotientphi[k]@{n};;;;;;;
;\Eulertotientphi[0]@{n};;;;;;;
;\Euleriannumber{n}{k};;;;;;;
;;;;;;;;
Erf[$0];\erf@@{z};1;;;;;;https://reference.wolfram.com/language/ref/Erf.html
Erfc[$0];\erfc@@{z};1;;;;;;https://reference.wolfram.com/language/ref/Erfc.html
Exp[-$0^2]*Erfc[-I*$0];\Faddeevaw@{z};;;;;;;https://reference.wolfram.com/language/ref/Erfc.html
InverseErf[$0];\inverf@@{x};1;;;;;;https://reference.wolfram.com/language/ref/InverseErf.html
InverseErfc[$0];\inverfc@@{x};1;;;;;;https://reference.wolfram.com/language/ref/InverseErfc.html
;\repinterfc{n}@{z};;;;;;;
;-\iunit \erf@@{\iunit z};;;;;;;
;\FishersHh{n}@{z};;;;;;;
;;;;;;;;
Fibonacci[$0];\FibonacciNumber{n};;;;;;;
;;;;;;;;
;\FresnelintF@{z};;;;;;;
FresnelC[$0];\Fresnelcosint@{z};1;;;;;;https://reference.wolfram.com/language/ref/FresnelC.html
FresnelS[$0];\Fresnelsinint@{z};1;;;;;;https://reference.wolfram.com/language/ref/FresnelS.html
FresnelF[$0];\auxFresnelf@{z} ;1;;;;;;https://reference.wolfram.com/language/ref/FresnelF.html
FresnelG[$0];\auxFresnelg@{z};1;;;;;;https://reference.wolfram.com/language/ref/FresnelG.html
;;;;;;;;
Gamma[$0];\EulerGamma@{z};1;;;;;;https://reference.wolfram.com/language/ref/Gamma.html
Gamma[$0, 0, $1];\incgamma@{a}{z};3;;;;;;https://reference.wolfram.com/language/ref/Gamma.html
Gamma[$0, $1];\incGamma@{a}{z};2;;;(-\inf, 0);;;https://reference.wolfram.com/language/ref/Gamma.html
LogGamma[$0];\ln@@{\EulerGamma@{z}};1;;;(-\inf, 0);;;https://reference.wolfram.com/language/ref/LogGamma.html
PolyGamma[$0];\digamma@{z};1;;;;;;https://reference.wolfram.com/language/ref/PolyGamma.html
PolyGamma[$0, $1];\polygamma{n}@{z};2;;;;;;https://reference.wolfram.com/language/ref/PolyGamma.html
BarnesG[$0];\BarnesG@{z};1;;;;;;http://reference.wolfram.com/language/ref/BarnesG.html
GammaRegularized[$0, 0, $1];\normincGammaP@{a}{z};3;;;;;;https://reference.wolfram.com/language/ref/GammaRegularized.html
GammaRegularized[$0, $1];\normincGammaQ@{a}{z};2;;;;;;https://reference.wolfram.com/language/ref/GammaRegularized.html
;\scincgamma@{a}{z};;;;;;;
;\multivarEulerGamma{m}@{a};;;;;;;
;;;;;;;;
ArithmeticGeometricmean[$0, $1];\AGM@{a}{g};;;;;;;
;\Gausssum@{n}{\Dirichletchar};;;;;;;
;;;;;;;;
;\GoodwinStatonint@{z};;;;;;;
;;;;;;;;
HarmonicNumber[$0];\HarmonicNumber{n};;;;;;;
;\digamma@{z+1}+\EulerConstant;;;;;;;
;\sum_{k=1}^{n}\frac{1}{k^z};;;;;;;
;\sphharmonicY{l}{m}@{\theta}{\phi};;;;;;;
;\surfharmonicY{l}{m}@{\theta}{\phi};;;;;;;
;;;;;;;;
;\HeavisideH@{x};;;;;;;
;;;;;;;;
;\HeunHl@@{a}{q}{\alpha}{\beta}{\gamma}{\delta}{z};;;;;;;
;;;;;;;;
;;;;;;;;
;;;;;;;;
;;;;;;;;
;\HeunHf{m}{a}{b}@@{a}{q}{\alpha}{\beta}{\gamma}{\delta}{z};;;;;;;
;;;;;;;;
Hypergeometric2F1[$0, $1, $2, $3];\hyperF@@@{a}{b}{c}{z};;;;;;;
;\genhyperOlverF{2}{1}@{a,b}{c}{z};;;;;;;
;\genhyperF{p}{q}@@@{a_1,...,a_p}{b_1,...,b_q}{z};;;;;;;
;\genhyperH{p}{q}@@@{a_1,...,a_p}{b_1,...,b_q}{z};;;;;;;
;\hyperOlverF@@@{a}{b}{c}{z};;;;;;;
;"\genhyperOlverF{p}{q}@@
{\Vector{a}}{\Vector{b}}{z}";;;;;;;
Hypergeometric1F1[$0, $1, $2];\KummerconfhyperM@{a}{b}{z};;;;;;;
HypergeometricU[$0, $1, $2];\KummerconfhyperU@{a}{b}{z};;;;;;;
;\OlverconfhyperM@{a}{b}{z};;;;;;;
;\genhyperPsimat@{a}{b}{\Matrix{T}};;;;;;;
;\LauricellaFD@{a}{b_1,...,b_n}{c}{z_1,...,z_n};;;;;;;
;\RiemannsymP@{\begin{Bmatrix} \alpha & \beta &\gamma & \\ a_1 & b_1 & c_1 & z \\ a_2 & b_2 & c_2 & \end{Bmatrix}};;;;;;;
;;;;;;;;
;\idem@{\chi_1}{\chi_1,...,\chi_n};;;;;;;
;;;;;;;;
;\Jacobiphi{\alpha}{\beta}{\lambda}@{t};;;;;;;
;\genJacobiellk{p}{q};;;;;;;
;\Jacobiamk@{z}{k};;;;;;;
;;;;;;;;
JacobiSN[$0, ($1)^2];\Jacobiellsnk@@{z}{k};2;;;;;;https://reference.wolfram.com/language/ref/JacobiSN.html
JacobiCN[$0, ($1)^2];\Jacobiellcnk@@{z}{k};2;;;;;;https://reference.wolfram.com/language/ref/JacobiCN.html
JacobiDN[$0, ($1)^2];\Jacobielldnk@@{z}{k};2;;;;;;https://reference.wolfram.com/language/ref/JacobiDN.html
JacobiSD[$0, ($1)^2];\Jacobiellsdk@@{z}{k};2;;;;;;https://reference.wolfram.com/language/ref/JacobiSD.html
JacobiCD[$0, ($1)^2];\Jacobiellcdk@@{z}{k};2;;;;;;https://reference.wolfram.com/language/ref/JacobiCD.html
JacobiSC[$0, ($1)^2];\Jacobiellsck@@{z}{k};2;;;;;;https://reference.wolfram.com/language/ref/JacobiSC.html
JacobiNS[$0, ($1)^2];\Jacobiellnsk@@{z}{k};2;;;;;;https://reference.wolfram.com/language/ref/JacobiNS.html
JacobiNC[$0, ($1)^2];\Jacobiellnck@@{z}{k};2;;;;;;https://reference.wolfram.com/language/ref/JacobiNC.html
JacobiND[$0, ($1)^2];\Jacobiellndk@@{z}{k};2;;;;;;https://reference.wolfram.com/language/ref/JacobiND.html
JacobiDS[$0, ($1)^2];\Jacobielldsk@@{z}{k};2;;;;;;https://reference.wolfram.com/language/ref/JacobiDS.html
JacobiDC[$0, ($1)^2];\Jacobielldck@@{z}{k};2;;;;;;https://reference.wolfram.com/language/ref/JacobiDC.html
JacobiCS[$0, ($1)^2];\Jacobiellcsk@@{z}{k};2;;;;;;https://reference.wolfram.com/language/ref/JacobiCS.html
InverseJacobiSN[$0, $1];\aJacobiellsnk@@{z}{k};;;;;;;
InverseJacobiCN[$0, $1];\aJacobiellcnk@@{z}{k};;;;;;;
InverseJacobidN[$0, $1];\aJacobielldnk@@{z}{k};;;;;;;
InverseJacobiSD[$0, $1];\aJacobiellsdk@@{z}{k};;;;;;;
InverseJacobiCD[$0, $1];\aJacobiellcdk@@{z}{k};;;;;;;
InverseJacobiSC[$0, $1];\aJacobiellsck@@{z}{k};;;;;;;
InverseJacobiNS[$0, $1];\aJacobiellnsk@@{z}{k};;;;;;;
InverseJacobiNC[$0, $1];\aJacobiellnck@@{z}{k};;;;;;;
InverseJacobiND[$0, $1];\aJacobiellndk@@{z}{k};;;;;;;
InverseJacobiDS[$0, $1];\aJacobielldsk@@{z}{k};;;;;;;
InverseJacobiDC[$0, $1];\aJacobielldck@@{z}{k};;;;;;;
InverseJacobiCS[$0, $1];\aJacobiellcsk@@{z}{k};;;;;;;
;\JacobiEpsilonk@{x}{k};;;;;;;
;\Jacobithetaq{1}@{z}{q};;;;;;;
;\Jacobithetaq{2}@{z}{q};;;;;;;
;\Jacobithetaq{3}@{z}{q};;;;;;;
;\Jacobithetaq{4}@{z}{q};;;;;;;
;\Jacobithetaq{j}@{z}{q};;;;;;;
;\Jacobithetatau{j}@{z}{\tau};;;;;;;
;\Jacobithetacombinedq{n}{m}@{z}{q};;;;;;;
JacobiZeta[$0, $1];\AThetaFunction@{x};;;;;;;
JacobiZeta[$0, $1];\JacobiZetak@{x}{k};;;;;;;
;\Jacobisym{n}{P};;;;;;;
;;;;;;;;
KelvinBer[$0, $1];\Kelvinber{\nu}@@{x};;;;;;;
Mathematica: KelvinBei[$0, $1];\Kelvinbei{\nu}@@{x};;;;;;;
KelvinKer[$0, $1];\Kelvinker{\nu}@@{x};;;;;;;
KelvinKei[$0, $1];\Kelvinkei{\nu}@@{x};;;;;;;
;\frac{1}{2}\HankelH{1}{\nu}@{x\left(-\frac{1}{2}\sqrt{2}+\frac{1}{2}\iunit\sqrt{2}\right)} + \frac{1}{2}\HankelH{2}{\nu}@{x\left(-\frac{1}{2}\sqrt{2}-\frac{1}{2}\iunit\sqrt{2}\right)};;;;;;;
;\frac{1}{2}\iunit\left(\HankelH{2}{\nu}@{x\left(-\frac{1}{2}\sqrt{2}-\frac{1}{2}\iunit\sqrt{2}\right)} - \HankelH{1}{\nu}@{x\left(-\frac{1}{2}\sqrt{2}+\frac{1}{2}\iunit\sqrt{2}\right)}\right);;;;;;;
;;;;;;;;
;\LameEc{m}{\nu}@{z}{k^2};;;;;;;
;\LameEs{m}{\nu}@{z}{k^2};;;;;;;
;\Lameeigvala{n}{\nu}@{k^2};;;;;;;
;\Lameeigvalb{n}{\nu}@{k^2};;;;;;;
;;;;;;;;
LegendreP[$1, $0, 1, $3];\FerrersP[\mu]{\nu}@{z};4;;;;;;https://reference.wolfram.com/language/ref/LegendreP.html
LegendreQ[$1, $0, 1, $3];\FerrersQ[\mu]{\nu}@{z};4;;;;;;https://reference.wolfram.com/language/ref/LegendreQ.html
LegendreP[$1, $0, 3, $3];\assLegendreP[\mu]{\nu}@{z};4;;;;;;https://reference.wolfram.com/language/ref/LegendreP.html
;\assLegendreQ[\mu]{\nu}@{z};;;;;;;
;\assLegendreOlverQ[\mu]{\nu}@{z};;;;;;;
;\DunsterQ[-\mu]{-\frac{1}{2}+i\tau}@{x};;;;;;;
;;;;;;;;
;\incellintFk@{\phi}{k};;;;;;;
;\incellintEk@{\phi}{k};;;;;;;
;\incellintPik@{\phi}{\alpha^2}{k};;;;;;;
;\incellintDk@{\phi}{k};;;;;;;
EllipticK[($0)^2];\compellintKk@{k};1;;;;;;
;\compellintEk@{k};;;;;;;
;\compellintPik@{\alpha^2}{k};;;;;;;
;\compellintDk@{k};;;;;;;
;\ccompellintKk@{k};;;;;;;
;\ccompellintEk@{k};;;;;;;
;\incellintPik@{\pi/2}{\nu}{\sqrt{1-k^2}};;;;;;;
;;;;;;;;
;\LerchPhi@{z}{s}{a};;;;;;;
;;;;;;;;
;\Lommels{\mu}{\nu}@{z};;;;;;;
;\LommelS{\mu}{\nu}@{z};;;;;;;
;;;;;;;;
;;;;;;;;
;;;;;;;;
;;;;;;;;
;;;;;;;;
;\Mathieueigvala{n}@@{q};;;;;;;
;\Mathieueigvalb{n}@@{q};;;;;;;
;\Mathieueigvallambda{m}@@{q};;;;;;;
;;;;;;;;
;\Mathieuce{n}@@{z}{q};;;;;;;
;;;;;;;;
;\Mathieuse{n}@@{z}{q};;;;;;;
;\Mathieume{n}@@{z}{q};;;;;;;
;;;;;;;;
;;;;;;;;
;\modMathieuCe{\nu}@@{z}{q};;;;;;;
;\modMathieuSe{\nu}@@{z}{q};;;;;;;
;\modMathieuMe{\nu}@@{z}{q};;;;;;;
;\modMathieuFe{n}@@{z}{q};;;;;;;
;\modMathieuGe{n}@@{z}{q};;;;;;;
;\modMathieuM{j}{\nu}@@{z}{h};;;;;;;
;\modMathieuIe{n}@@{z}{h};;;;;;;
;\modMathieuIo{n}@@{z}{h};;;;;;;
;\modMathieuKe{n}@@{z}{h};;;;;;;
;\modMathieuKo{n}@@{z}{h};;;;;;;
;\radMathieuMc{j}{n}@@{z}{h};;;;;;;
;\radMathieuMs{j}{n}@@{z}{h};;;;;;;
;\Mathieufe{n}@@{z}{q};;;;;;;
;\Mathieuge{n}@@{z}{q};;;;;;;
;\modMathieuD{j}@{\nu}{\mu}{z};;;;;;;
;\radMathieuDs{j}@{n}{m}{z};;;;;;;
;\radMathieuDc{j}@{n}{m}{z};;;;;;;
;\radMathieuDsc{j}@{n}{m}{z};;;;;;;
;\MathieuFc{m}@{z}{h};;;;;;;
;\MathieuFs{m}@{z}{h};;;;;;;
;\MathieuGc{m}@{z}{h};;;;;;;
;\MathieuGs{m}@{z}{h};;;;;;;
;;;;;;;;
;;;;;;;;
;;;;;;;;
;\MeijerG{m}{n}{p}{q}@@@{z}{\Vector{a}}{\Vector{b}};;;;;;;
;;;;;;;;
;\MillsM@{x};;;;;;;
;;;;;;;;
;\modularlambdatau@{\tau};;;;;;;
;\KleincompinvarJtau@{\tau};;;;;;;
DedekindEta[$0];\Dedekindeta@{\tau};;;;;;;
;;;;;;;;
;\Pade{p}{q}{f};;;;;;;
;;;;;;;;
;\Ramanujansum{k}@{n};;;;;;;
RamanujanTau[$0];\Ramanujantau@{n};;;;;;;
;;;;;;;;
RayleightDistribution[$0];\Rayleighsigma{n}@{\nu};;;;;;;
;;;;;;;;
;\Riemanntheta@{\Vector{z}}{\Matrix{\Omega}};;;;;;;
;\Riemannthetachar{\Vector{\alpha}}{\Vector{\beta}}@{\Vector{z}}{\Matrix{\Omega}};;;;;;;
;\scRiemanntheta@{\Vector{z}}{\Matrix{\Omega}};;;;;;;
RiemannXi[$0];\Riemannxi@{s};;;;;;;
Zeta[$0];\Riemannzeta@{s};;;;;;;
;;;;;;;;
ScorerGi[$0];\ScorerGi@{z};;;;;;;
ScorerHi[$0];\ScorerHi@{z};;;;;;;
;;;;;;;;
;\spheigvalLambda{m}{n}@{\gamma^2};;;;;;;
;\sphwavePsreal{m}{n}@{x}{\gamma^2};;;;;;;
;\sphwaveQsreal{m}{n}@{x}{\gamma^2};;;;;;;
;\sphwavePs{m}{n}@{z}{\gamma^2};;;;;;;
;\sphwaveQs{m}{n}@{z}{\gamma^2};;;;;;;
;\radsphwaveS{m}{j}{n}@{z}{\gamma};;;;;;;
;;;;;;;;
StirlingS1[$0, $1];\Stirlingnumbers@{n}{k};;;;;;;
StirlingS2[$0, $1];\StirlingnumberS@{n}{k};;;;;;;
;;;;;;;;
StruveH[$0, $1];\StruveH{\nu}@{z};;;;;;;
;\StruveK{\nu}@{z};;;;;;;
;\modStruveL{\nu}@{z};;;;;;;
;\modStruveM{\nu}@{z};;;;;;;
;;;;;;;;
KroneckerDelta[$0, $1];\Legendresym{n}{p};;;;;;;
KroneckerDelta[$0, $1];\Kroneckerdelta{j}{k};;;;;;;
;\NeumannFactor{n};;;;;;;
;\LeviCivitasym{j}{k}{l};;;;;;;
;\RiemannsymP@{\begin{Bmatrix} \alpha & \beta &\gamma & \\ a_1 & b_1 & c_1 & z \\ a_2 & b_2 & c_2 & \end{Bmatrix}};;;;;;;
Pochhammer[$0, $1];\Pochhammersym{a}{n};;;;;;;https://reference.wolfram.com/language/ref/Pochhammer.html
;\Wignerthreejsym@@{j_1}{j_2}{j_3}{m_1}{m_2}{m_3};;;;;;;
;\Wignersixjsym@@{j_{1}}{j_{2}}{j_{3}}{l_{1}}{l_{2}}{l_{3}};;;;;;;
;\Wignerninejsym@@{j_{11}}{j_{12}}{j_{13}}{j_{21}}{j_{22}}{j_{23}}{j_{31}}{j_{32}}{j_{33}};;;;;;;
;\ClebschGordan{j_1}{m_1}{j_2}{m_2}{j_3}{-m_3};;;;;;;
;;;;;;;;
;\terminant{p}@{z};;;;;;;
;\scterminant{p}@{z};;;;;;;
;;;;;;;;
FourierTransform[$0, $1, $2];\FourierTrans@@{f}{s};;;;;;;
LaplaceTransform[$0, $1, $2];\LaplaceTrans@{f}{s};;;;;;;
;\MellinTrans@{f}{s};;;;;;;
;\HilbertTrans@{f}{s};;;;;;;
;\StieltjesTrans@{f}{s};;;;;;;
;;;;;;;;
;\variation[a,b]@{f};;;;;;;
;;;;;;;;
;\gradient f;;;;;;;
;\divergence F;;;;;;;
;\curl F;;;;;;;
;;;;;;;;
;\VoigtU@{x}{t};;;;;;;
;\VoigtV@{x}{t};;;;;;;
;\VoigtH@{a}{u};;;;;;;
;;;;;;;;
;\Waringg@{k};;;;;;;
;\WaringG@{k};;;;;;;
;\nsquares{k}@{n};;;;;;;
;;;;;;;;
;;;;;;;;
;;;;;;;;
;;;;;;;;
;\Weierstrasspinvar@@{z}{g_2}{g_3};;;;;;;
;\Weierstrassplatt@@{z}{\Lattice{L}};;;;;;;
;;;;;;;;
WeierstrassZeta[$0, {$1, $2}];\Weierstrasszetainvar@@{z}{g_2}{g_3};;;;;;;
;\Weierstrasszetalatt@@{z}{\Lattice{L}};;;;;;;
;\Weierstrasssigmainvar@@{z}{g_2}{g_3};;;;;;;
;\Weierstrasssigmalatt@@{z}{\Lattice{L}};;;;;;;
;;;;;;;;
WhittakerM[$0, $1, $2];\WhittakerconfhyperM{\kappa}{\mu}@{z};;;;;;;
WhittakerW[$0, $1, $2];\WhittakerconfhyperW{\kappa}{\mu}@{z};;;;;;;
;;;;;;;;
Zeta[$0];\Riemannzeta@{s};;;;;;;
;;;;;;;;
HurwitzZeta[$0, $1];\Hurwitzzeta@{s}{a};2;;;;;;
;;;;;;;;
WeierstrassZeta[$0, {$1, $2}];\Weierstrasszetainvar@@{z}{g_2}{g_3};;;;;;;
;\Weierstrasszetalatt@@{z}{\Lattice{L}};;;;;;;
JacobiZeta[$0, $1];\JacobiZetak@{x}{k};;;;;;;
;\perZeta@{x}{s};;;;;;;
;;;;;;;;
;;;;;;;;
;;;;;;;;
;DRMF Macro;;;;;;;
;\AlSalamChiharapolyQ{n}@{x}{a}{b}{q};;;;;;;
;\AlSalamChihara{n}@@{x}{a}{b}{q};;;;;;;
;\qinvAlSalamChihara{n}@{x}{a}{b}{q^{-1}};;;;;;;
;\AlSalamCarlitzI{a}{n}@{x}{q};;;;;;;
;\AlSalamCarlitzII{a}{n}@{x}{q};;;;;;;
;\AlSalamIsmail{n}@{x}{s}{q};;;;;;;
;;;;;;;;
;\AskeyWilson{n}@{x}{a}{b}{c}{d}{q};;;;;;;
;\AskeyWilsonpolyp{n}@{x}{a}{b}{c}{d}{q};;;;;;;
;;;;;;;;
BernoulliB[$0, $1];\BernoullipolyB{n}@{0};;;;;;;
BernoulliB[$0, $1];\BernoullipolyB{n}@{x};;;;;;;
;\genBernoullipolyB{\ell}{n}@{x};;;;;;;
;\perBernoulliB{n}@{x};;;;;;;
;\qBernoullipolybeta{n}@{x}{q};;;;;;;
;;;;;;;;
BellB[$0, $1];\Bellnumber@{n};;;;;;;
;;;;;;;;
;;;;;;;;
;;;;;;;;
;;;;;;;;
;\BesselPoly{n}@{x}{a};;;;;;;
;\Besselpolyy{n}@{x}{a};;;;;;;
;\BesselPolyIIparam{n}@{x}{a}{b};;;;;;;
;\BesselPolyTheta{n}@{x}{a}{b};;;;;;;
;;;;;;;;
;\Charlier{n}@{x}{a};;;;;;;
;\CharlierpolyC{n}@{x}{a};;;;;;;
;;;;;;;;
ChebyshevT[$0, $1];\ChebyshevpolyT{n}@{x};;;;;;;
ChebyshevU[$0, $1];\ChebyshevpolyU{n}@{x};;;;;;;
;\ChebyshevpolyV{n}@{x};;;;;;;
;\ChebyshevpolyW{n}@{x};;;;;;;
;\shiftChebyshevpolyT{n}@{x};;;;;;;
;\shiftChebyshevpolyU{n}@{x};;;;;;;
;\dilChebyshevpolyC{n}@{x};;;;;;;
;\dilChebyshevpolyS{n}@{x};;;;;;;
;\CiglerqChebyT{n}@{x}{s}{q};;;;;;;
;\CiglerqChebyU{n}@{x}{s}{q};;;;;;;
;\monicChebyT{n}@@{x};;;;;;;
;\monicChebyU{n}@@{x};;;;;;;
;;;;;;;;
;\diskpoly{\alpha}{m}{n}@{z};;;;;;;
;;;;;;;;
;\EulerpolyE{n}@{x};;;;;;;
;\genEulerpolyE{\ell}{n}@{x};;;;;;;
;\perEulerE{n}@{x};;;;;;;
;;;;;;;;
GegenbauerC[$1, $0, $2];\Ultra{\lambda}{n}@{x};;;;;;;
;\ultrasphpoly{\lambda}{n}@{x};;;;;;;
;\GenGegenbauerS{\alpha}{\beta}{n}@{x};;;;;;;
;;;;;;;;
;\Hahn{n}@{x}{\alpha}{\beta}{N};;;;;;;
;\HahnpolyQ{n}@{x}{\alpha}{\beta}{N};;;;;;;
;\dualHahnpolyR{n}@{x}{\gamma}{\delta}{N};;;;;;;
;\dualHahn{n}@@{\lambda(x)}{\gamma}{\delta}{N};;;;;;;
;\contdualHahnpolyS{n}@{x}{a}{b}{c};;;;;;;
;\contHahnpolyp{n}@{x}{a}{b}{\conj{a}}{\conj{b}};;;;;;;
;;;;;;;;
HermiteH[$0, $1];\Hermite{n}@{x};;;;;;;
HermiteH[$0, $1];\HermitepolyH{n}@{x};;;;;;;
;\dilHermitepolyHe{n}@{x};;;;;;;
;\GenHermite[\alpha]{n}@{x};;;;;;;
;;;;;;;;
;\HeunpolyHp{n}{m}@@{a}{q}{-n}{\beta}{\gamma}{\delta}{z};;;;;;;
;;;;;;;;
JacobiP[$2, $0, $1, $3];\Jacobi{\alpha}{\beta}{n}@{x};4;;;;;;https://reference.wolfram.com/language/ref/JacobiP.html?q=JacobiP
JacobiP[$2, $0, $1, $3];\JacobipolyP{\alpha}{\beta}{n}@{x};4;;;;;;https://reference.wolfram.com/language/ref/JacobiP.html?q=JacobiP
;\shiftJacobipolyG{n}@{p}{q}{x};;;;;;;
;\assJacobipolyP{\alpha}{\beta}{n}@{x}{c};;;;;;;
;\pseudoJacobi{n}@{x}{\nu}{N};;;;;;;
;\trianglepoly{\alpha}{\beta}{\gamma}{m}{n}@{x}{y};;;;;;;
;;;;;;;;
;\Krawtchouk{n}@{x}{p}{N};;;;;;;
;\KrawtchoukpolyK{n}@{x}{p}{N};;;;;;;
;;;;;;;;
LaguerreL[$1, $0, $2];\Laguerre[\alpha]{n}@{x};;;;;;;
LaguerreL[$1, $0, $2];\LaguerrepolyL[\alpha]{n}@{x};;;;;;;
;\GottliebLaguerre{n}@{x};;;;;;;
;;;;;;;;
;\LamepolyuE{m}{2n}@{z}{k^2};;;;;;;
;\LamepolysE{m}{2n+1}@{z}{k^2};;;;;;;
;\LamepolycE{m}{2n+1}@{z}{k^2};;;;;;;
;\LamepolydE{m}{2n+1}@{z}{k^2};;;;;;;
;\LamepolyscE{m}{2n+2}@{z}{k^2};;;;;;;
;\LamepolysdE{m}{2n+2}@{z}{k^2};;;;;;;
;\LamepolycdE{m}{2n+2}@{z}{k^2};;;;;;;
;\LamepolyscdE{m}{2n+3}@{z}{k^2};;;;;;;
;;;;;;;;
LegendreP[$0, $1];\LegendrepolyP{n}@{x};;;;;;;https://reference.wolfram.com/language/ref/LegendreP.html
;\shiftLegendrepolyP{n}@{x};;;;;;;
LegendreP[$0, $2, $1];\assLegendrepoly{n}@{x}{c};;;;;;;
;;;;;;;;
;\Meixner{n}@{x}{\beta}{c};;;;;;;
;\MeixnerpolyM{n}@{x}{\beta}{c};;;;;;;
;\MeixnerPollaczek{\lambda}{n}@{x}{\phi};;;;;;;
;\MeixnerPollaczekpolyP{\lambda}{n}@{x}{\phi};;;;;;;
;;;;;;;;
;\NeumannpolyO{n}@{x};;;;;;;
;;;;;;;;
;\PollaczekpolyP{\lambda}{n}@{x}{a}{b};;;;;;;
;;;;;;;;
Racah[{$0, $1, $2}, {$3, $4, $5}];\Racah{n}@{x}{\alpha}{\beta}{\gamma}{\delta};;;;;;;
Racah[{$0, $1, $2}, {$3, $4, $5}];\RacahpolyR{n}@{x}{\alpha}{\beta}{\gamma}{\delta};;;;;;;
;;;;;;;;
;\StieltjesWigert{n}@@{x}{q};;;;;;;
;\StieltjesWigertpolyS{n}@{x}{q};;;;;;;
;;;;;;;;
;\Wilson{n}@{x}{a}{b}{c}{d};;;;;;;
;\WilsonpolyW{n}@{x}{a}{b}{c}{d};;;;;;;
;;;;;;;;
;\zonalpolyZ{\kappa}@{\Matrix{T}};;;;;;;
;;;;;;;;
;;;;;;;;
;;;;;;;;
;DRMF Macro;;;;;;;
;\qSin{q}@@{x};;;;;;;
;\qsin{q}@@{x};;;;;;;
;\qSinKLS{q}@@{z};;;;;;;
;\qsinKLS{q}@@{z};;;;;;;
;\qCos{q}@@{x};;;;;;;
;\qcos{q}@@{x};;;;;;;
;\qCosKLS{q}@@{z};;;;;;;
;\qcosKLS{q}@@{z};;;;;;;
;\qExp{q}@@{x};;;;;;;
;\qexp{q}@@{x};;;;;;;
;\qExpKLS{q}@@{z};;;;;;;
;\qexpKLS{q}@@{z};;;;;;;
;\qAppellPhi{1}@{a}{b}{b'}{c}{q}{x}{y};;;;;;;
;\qAppellPhi{2}@{a}{b}{b'}{c}{c'}{q}{x}{y};;;;;;;
;\qAppellPhi{3}@{a}{a'}{b}{b'}{c}{q}{x}{y};;;;;;;
;\qAppellPhi{4}@{a}{b}{c}{c'}{q}{x}{y};;;;;;;
;\qBernoullipolybeta{n}@{x}{q};;;;;;;
;\qBesselPoly{n}@{x}{b}{q};;;;;;;
;\qBeta{q}@{a}{b};;;;;;;
 QBinomial[$0, $1, $2];\qbinom{n}{m}{q};;;;;;;
;\qCharlier{n}@{x}{c}{q};;;;;;;
;\qderiv[n]{q}@{z};;;;;;;
;\qdiff{q}{x};;;;;;;
QGamma[$1, $0];\qGamma{q}@{z};;;;;;;
;\qDigamma{q}@{z};;;;;;;
;\qEulernumberA{m}{s}@{q};;;;;;;
QFactorial[$0, $1];\qfactorial{n}{q};;;;;;;
QGamma[$1, $0];\qGamma{q}@{z};;;;;;;
;\qHahn{n}@@{q^{-x}}{\alpha}{\beta}{N};;;;;;;
;\qHahnpolyQ{n}@{x}{\alpha}{\beta}{N}{q};;;;;;;
;\dualqHahn{n}@@{\mu(x)}{\gamma}{\delta}{N}{q};;;;;;;
;\contqHermitepolyH{n}@{x}{q};;;;;;;
;\contqinvHermitepolyh{n}@{x}{q};;;;;;;
;\discqHermitepolyhI{n}@{x}{q};;;;;;;
;\discqHermitepolyhII{n}@{x}{q};;;;;;;
;\discrqHermiteI{n}@@{x}{q};;;;;;;
;\discrqHermiteII{n}@@{x}{q};;;;;;;
;\bigqJacobipolyP{n}@{x}{a}{b}{c}{q};;;;;;;
;\bigqJacobi{n}@@{x}{a}{b}{c}{q};;;;;;;
;\scbigqJacobipolyP{\alpha}{\beta}{n}@{x}{c}{d}{q};;;;;;;
;\bigqJacobiIVparam{n}@@{x}{a}{b}{c}{d}{q};;;;;;;
;\littleqJacobipolyp{n}@{x}{a}{b}{q};;;;;;;
;\littleqJacobi{n}@@{x}{a}{b}{q};;;;;;;
;\qKrawtchouk{n}@@{q^{-x}}{p}{N}{q};;;;;;;
;\dualqKrawtchouk{n}@@{\lambda(x)}{c}{N}{q};;;;;;;
;\qtmqKrawtchouk{n}@@{q^{-x}}{p}{N}{q};;;;;;;
;\AffqKrawtchouk{n}@@{q^{-x}}{p}{N}{q};;;;;;;
;\qLaguerre[\alpha]{n}@@{x}{q};;;;;;;
;\qLaguerrepolyL[\alpha]{n}@{x}{q};;;;;;;
;\bigqLaguerre{n}@{x}{a}{b}{q};;;;;;;
;\littleqLaguerre{n}@{x}{a}{q};;;;;;;
;\qLegendre{n}@{x}{q};;;;;;;
;\bigqLegendre{n}@{x}{c}{q};;;;;;;
;\littleqLegendre{m}@{x}{q};;;;;;;
;\qMeixner{n}@{x}{b}{c}{q};;;;;;;
;\qMeixnerPollaczek{n}@{x}{a}{q};;;;;;;
QPochhammer[$0, $1, $2];\qPochhammer{a}{q}{n};;;;;;;
;\qmultiPochhammersym{a_1,\ldots,a_n}{q}{n};;;;;;;
 QPolyGamma[$0, $2, $1];\qpolygamma{n}{q}@{z};;;;;;;
;\qRacah{n}@{x}{\alpha}{\beta}{\gamma}{\delta}{q};;;;;;;
;\qRacahpolyR{n}@{x}{\alpha}{\beta}{\gamma}{\delta}{q};;;;;;;
;\qStirlingnumbera{m}{s}@{q};;;;;;;
;\contqultrasphpoly{n}@{x}{\beta}{q};;;;;;;
;\qHyperrWs{r}{r+1}@@@{a_1}{a_4,a_5,...,a_{r+1}}{q}{z};;;;;;;
;\qgenhyperphi{r}{s}@@@{a_1,...,a_r}{b_1,...,b_s}{q}{z};;;;;;;
;\qgenhyperpsi{r}{s}@@@{a_1,...,a_r}{b_1,...,b_s}{q}{z};;;;;;;
;\qmultinomial{a_1+\ldots+a_n}{a_1,\ldots,a_n}{q};;;;;;;
;;;;;;;;
;\ctsHahn{n}@@{x}{a}{b}{c}{d};;;;;;;
;\ctsbigqHermite{n}@{x}{a}{q};;;;;;;
;\ctsdualHahn{n}@@{x^2}{a}{b}{c};;;;;;;
;\ctsdualqHahn{n}@{x}{a}{b}{c}{q};;;;;;;
;\ctsqHahn{n}@{x}{a}{b}{c}{d}{q};;;;;;;
;\ctsqHermite{n}@@{x}{q};;;;;;;
;\ctsqJacobi{\alpha}{\beta}{m}@{x}{q};;;;;;;
;\ctsqJacobiRahman{n}@@{x}{q};;;;;;;
;\ctsqLaguerre{\alpha}{n}@{x}{q};;;;;;;
;\ctsqLegendre{n}@@{x}{q};;;;;;;
;\ctsqLegendreRahman{n}@@{x}{q};;;;;;;
;\ctsqUltra{n}@{x}{\beta}{q};;;;;;;
;\ctsqUltrae{n}@{e^{i\theta}}{\beta}{q};;;;;;;
;;;;;;;;
;\monicAffqKrawtchouk{n}@@{q^{-x}}{p}{N}{q};;;;;;;
;\monicAlSalamCarlitzI{a}{n}@@{x}{q};;;;;;;
;\monicAlSalamCarlitzII{a}{n}@@{x}{q};;;;;;;
;\monicAlSalamChihara{n}@@{x}{a}{b}{q};;;;;;;
;\monicAskeyWilson{n}@@{x}{a}{b}{c}{d}{q};;;;;;;
;\monicBesselPoly{n}@@{x}{a};;;;;;;
;\monicCharlier{n}@@{x}{a};;;;;;;
;\monicChebyT{n}@@{x};;;;;;;
;\monicChebyU{n}@@{x};;;;;;;
;\monicHahn{n}@@{x}{\alpha}{\beta}{N};;;;;;;
;\monicHermite{n}@@{x};;;;;;;
;\monicJacobi{n}@@{x};;;;;;;
;\monicKrawtchouk{n}@@{q^{-x}}{p}{N}{q};;;;;;;
;\monicLaguerre{n}@@{x};;;;;;;
;\monicLegendrePoly{n}@@{x};;;;;;;
;\monicMeixner{n}@@{x}{\beta}{c};;;;;;;
;\monicMeixnerPollaczek{\lambda}{n}@@{x}{\phi};;;;;;;
;\monicRacah{n}@@{\lambda(x)}{\alpha}{\beta}{\gamma}{\delta};;;;;;;
;\monicStieltjesWigert{n}@@{x}{q};;;;;;;
;\monicUltra{n}@@{x};;;;;;;
;\monicWilson{n}@@{x^2}{a}{b}{c}{d};;;;;;;
;\monicbigqJacobi{n}@@{x}{a}{b}{c}{q};;;;;;;
;\monicbigqLaguerre{n}@@{x}{a}{b}{q};;;;;;;
;\monicbigqLegendre{n}@@{x}{c}{q};;;;;;;
;\monicctsHahn{n}@@{x}{a}{b}{c}{d};;;;;;;
;\monicctsbigqHermite{n}@@{x}{a}{q};;;;;;;
;\monicctsdualHahn{n}@@{x^2}{a}{b}{c}{d};;;;;;;
;\monicctsdualqHahn{n}@@{x^2}{a}{b}{c};;;;;;;
;\monicctsqHahn{n}@@{x}{a}{b}{c}{d}{q};;;;;;;
;\monicctsqHermite{n}@@{x}{q};;;;;;;
;\monicctsqJacobi{n}@@{x}{q};;;;;;;
;\monicctsqLaguerre{n}@@{x}{q};;;;;;;
;\monicctsqLegendre{n}@@{x}{q};;;;;;;
;\monicctsqUltra{n}@@{x}{\beta}{q};;;;;;;
;\monicdiscrqHermiteI{n}@@{x}{q};;;;;;;
;\monicdiscrqHermiteII{n}@@{x}{q};;;;;;;
;\monicdualHahn{n}@@{\lambda(x)}{\gamma}{\delta}{N};;;;;;;
;\monicdualqHahn{n}@@{\mu(x)}{\gamma}{\delta}{N}{q};;;;;;;
;\monicdualqKrawtchouk{n}@@{\lambda(x)}{c}{N}{q};;;;;;;
;\moniclittleqJacobi{n}@@{x}{a}{b}{q};;;;;;;
;\moniclittleqLaguerre{n}@@{x}{a}{q};;;;;;;
;\moniclittleqLegendre{n}@@{x}{q};;;;;;;
;\monicpseudoJacobi{n}@@{x}{\nu}{N};;;;;;;
;\monicqBesselPoly{n}@@{x}{a}{q};;;;;;;
;\monicqCharlier{n}@@{q^{-x}}{a}{q};;;;;;;
;\monicqHahn{n}@@{q^{-x}}{\alpha}{\beta}{N};;;;;;;
;\monicqKrawtchouk{n}@@{q^{-x}}{p}{N}{q};;;;;;;
;\monicqLaguerre{n}@@{x}{q};;;;;;;
;\monicqMeixner{n}@@{q^{-x}}{b}{c}{q};;;;;;;
;\monicqMeixnerPollaczek{n}@@{x}{a}{q};;;;;;;
;\monicqRacah{n}@@{\mu(x)}{\alpha}{\beta}{\gamma}{\delta}{q};;;;;;;
;\monicqinvAlSalamChihara{n}@{x}{a}{b}{q^{-1}};;;;;;;
;\monicqtmqKrawtchouk{n}@@{q^{-x}}{p}{N}{q};;;;;;;
;;;;;;;;
;\normAskeyWilsonptilde{n}@@{x}{a}{b}{c}{d}{q};;;;;;;
;\normJacobiR{\alpha}{\beta}{n}@{x};;;;;;;
;\normWilsonWtilde{n}@@{x^2}{a}{b}{c}{d};;;;;;;
;\normctsHahnptilde{n}@@{x}{a}{b}{c}{d};;;;;;;
;\normctsdualHahnStilde{n}@@{x^2}{a}{b}{c}{d};;;;;;;
;\normctsdualqHahnptilde{n}@@{x}{a}{b}{c}{q};;;;;;;
;\normctsqHahnptilde{n}@@{x}{a}{b}{c}{d}{q};;;;;;;
;\normctsqJacobiPtilde{n}@@{x}{q};;;;;;;
