DLMF;Mathematica;Number of Variables;Slot of Differentiation;DLMF-Mathematica-Comment;Mathematica-Alternatives
\sin@@{z};Sin[$0];1;;;
\cos@@{z};Cos[$0];1;;;
\tan@@{z};Tan[$0];1;;;
\sec@@{z};Sec[$0];1;;;
\csc@@{z};Csc[$0];1;;;
\cot@@{z};Cot[$0];1;;;
;;;;;
\sinh@@{z};Sinh[$0];1;;;
\cosh@@{z};Cosh[$0];1;;;
\tanh@@{z};Tanh[$0];1;;;
\sech@@{z};Sech[$0];1;;;
\csch@@{z};Csch[$0];1;;;
\coth@@{z};Coth[$0];1;;;
;;;;;
\asin@@{z};ArcSin[$0];1;;;
\acos@@{z};ArcCos[$0];1;;;
\atan@@{z};ArcTan[$0];1;;;
\asec@@{z};ArcSec[$0];1;;;
\acsc@@{z};ArcCsc[$0];1;;;
\acot@@{z};ArcCot[$0];1;;;
;;;;;
\asinh@@{z};ArcSinh[$0];1;;;
\acosh@@{z};ArcCosh[$0];1;;;
\atanh@@{z};ArcTanh[$0];1;;;
\asech@@{z};ArcSech[$0];1;;;
\acsch@@{z};ArcCsch[$0];1;;;
\acoth@@{z};ArcCoth[$0];1;;;
;;;;;
\ln@@{z};Log[$0];1;;;
\Ln@@{z};Log[$0];1;;;
\log@@{z};Log[$0];1;;;
\genlog{a}@@{z};Log[$0,$1];2;;;
;;;;;
\Ln@@{z};;;;;
\exp@@{z};Exp[$0];1;;;
;;;;;
\LambertW@{x};ProductLog[$0];1;;;
\LambertWp@{x};ProductLog[0, $0];2;;;
\LambertWm@{x};ProductLog[-1, $0];2;;;
;;;;;
\sinint@{z};SinIntegral[$0];1;;;
\shiftsinint@{z};SinIntegral[$0] - Pi/2;1;;;
\gensinint@{a}{z};;;;;
\genshiftsinint@{a}{z};;;;;
\cosint@{z};CosIntegral[$0];1;;;
\cosintCin@{z};;;;;
\gencosint@{a}{z};;;;;
\genshiftcosint@{a}{z};;;;;
\auxsincosintf@{z};;;;;
\auxsincosintg@{z};;;;;
;;;;;
\sinhint@{z};SinhIntegral[$0];1;;;
\coshint@{z};CoshIntegral[$0];1;;;
;;;;;
\Gudermannian@@{x};Gudermannian[$0];1;;Defined also for imaginary values.;
\aGudermannian@@{x};InverseGudermannian[$0];1;;Defined also for imaginary values.;
;;;;;
\expintEi@{x};;;;Mathematica uses another definition for the principle branch of the exponential integral. \expintEi@{x} will be translated to -ExpIntegralEi[-x].;-ExpIntegralEi[-($0)]
\expintE@{x};;;;Mathematica uses another definition for the principle branch of the exponential integral. \expintE@{x} will be translated to -ExpIntegralEi[-x].;-ExpIntegralEi[-($0)]
\expintEin@{z};;;;The translation based on the definition in DLMF.;-ExpIntegralEi[-($0)] + Ln[$0] + EulerGamma
\genexpintE{p}@{z};;;;;
\logint@{x};LogIntegral[$0];1;;Mathematica can compute the principle branch for x between 0 and 1 as well, while this is not defined in DLMF.;
\dilog@{z};;;;;
\polylog{s}@{z};;;;;
\Jonquierephi@{z}{s};;;;;
;;;;;
\Matrix{A};;;;;
\Vector{a};;;;;
\trace \Matrix{X};;;;;
\transpose \Matrix{X};;;;;
\exptrace@{\Matrix{X}};;;;;
\det A;;;;;
\diag A;;;;;
\phase@@{z};Arg[$0];1;;;
;;;;;
\conj{z};Conjugate[$0];1;;;
\realpart@@{z};Re[$0];1;;;
\imagpart@@{z};Im[$0];1;;;
\sqrt{z};Sqrt[$0];1;;;
\sqrt[p]{z};Surd[$1, $0];2;;;
\sign@@{$0};Sign[$0];1;;;
\binom{n}{k};Binomial[$0, $1];2;;;
\binom{n}{k};Binomial[$0, $1];2;;;
\multinomial{m}{n_1,...,n_k};Multinomial[$0];;;;
|z|;Abs[$0];1;;;
\left|z\right|;Abs[$0];1;;;
;FractionalPart[$0];;;;
;Round[$0];;;;
;Min[x1, x2, ...];;;;
;Max[x1, x2, ...];;;;
\pgcd{m,n};GCD[$0, $1];;;;
;LCM[m,n,...];;;;
\f{f}@{x};;;;;
\in;;;;;
\notin;;;;;
\forall;;;;;
\Longrightarrow;;;;;
\Longleftrightarrow;;;;;
=;;;;;
\neq;;;;;
\ifrac{a}{b};Divide[$0, $1];2;;;
\power{x}{y};Power[$0, $1];2;;;
n!;$0!;;;;
n!!;$0!!;;;;
\shiftfactorial{a}{\kappa};;;;;
\floor{x};Floor[$0];1;;;
\ceiling{x};Ceiling[$0];1;;;
\sign@@{x};;;;;
\inf;;;;;
\sup;;;;;
\Sum{n}{k1}{k2}@{f(n)};Sum[$3, {$0, $1, $2}];4;;;
\Prod{n}{k1}{k2}@{f(n)};Product[$3, {$0, $1, $2}];4;;;
\Wronskian@{w1(z),w2(z)};Wronskian[{$1, $2}, $0];3;;;
\Wron{z}@{w1(z),w2(z)};Wronskian[{$1, $2}, $0];3;;;
\Residue;;;;;
\card{A};;;;;
\cartprod;;;;;
\divides;;;;;
\liminf;;;;;
;;;;;
\opminus;;;;;
\poly{p}{n}@{x};;;;;
\ncompositions[m]@{n};;;;;
\intinnerprod{f}{g};;;;;
\Lattice{L};;;;;
\fDiff[x];;;;;
\bDiff[x];;;;;
\cDiff[x];;;;;
\deriv{$0}{$1};D[$0, $1];2;;;;
\tderiv{$0}{$1};D[$0, $1];2;;;;
\ideriv{$0}{$1};D[$0, $1];2;;;;
\pderiv{$0}{$1};D[$0, $1];2;;;;
\tpderiv{$0}{$1};D[$0, $1];2;;;;
\ipderiv{$0}{$1};D[$0, $1];2;;;;
X1:\derivX\deriv[$0]{$1}{$2};D[$1, {$2, $0}];3;;;;
X1:\tderivX\tderiv[$0]{$1}{$2};D[$1, {$2, $0}];3;;;;
X1:\iderivX\ideriv[$0]{$1}{$2};D[$1, {$2, $0}];3;;;;
X1:\pderivX\pderiv[$0]{$1}{$2};D[$1, {$2, $0}];3;;;;
X1:\tpderivX\tpderiv[$0]{$1}{$2};D[$1, {$2, $0}];3;;;;
X1:\ipderivX\ipderiv[$0]{$1}{$2};D[$1, {$2, $0}];3;;;;
\diff{x};;;;;
\pdiff{x};;;;;
\AntiDer@{x}{f(x)};;;;;
\Int{a}{b}@{x}{f(x)};;;;;
\int;;;;;
\pvint_{a}^{b} \f{f}@{x} \diff{x};;;;;
\Schwarzian{z}{\zeta};;;;;
\Complexes;;;;;
\Reals;;;;;
\Rationals;;;;;
\Integers;;;;;
\natNumbers;;;;;
\continuous@{A};;;;;
\SpaceTestFunTempered@{A};;;;;
;;;;;
;;;;;
\setminus;;;;;
\subseteq;;;;;
\subset;;;;;
\setmod;;;;;
\npartitions{n};;;;;
\npartitions[k]@{n};;;;;
\npermutations{n};;;;;
\nplanepartitions@{n};;;;;
\nrestpartitions[k]@{\mathrm{condition}}{n};;;;;
\nrestcompositions@{\mathrm{condition}}{n};;;;;
\bigO@{x};;;;;
\littleo@{x};;;;;
\sim;;;;;
;;;;;
;;;;;
;;;;;
DRMF Macro;;;;;
\AiryAi@{z};AiryAi[$0];1;1;;
\AiryBi@{z};AiryBi[$0];1;1;;
\AirymodM@{z};;1;1;;
\AirymodderivN@{z};;1;1;;
\Airyphasederivphi@{z};;1;1;;
\Airyphasetheta@{z};;1;1;;
\genAiryODEA{n}@{z};;2;1;;
\genAiryODEB{n}@{z};;2;1;;
\genAiryintA{k}@{z}{p};;;;;
\genAiryintB{k}@{z}{p};;;;;
\zAirya{k};;;;;
\zderivAirya{k};;;;;
\zAiryb{k};;;;;
\zderivAiryb{k};;;;;
\zAirybeta{k};;;;;
\zderivAirybeta{k};;;;;
;;;;;
\AngerJ{v}@{x};;2;1;;
\WeberE{v}@{x};;2;1;;
\AngerWeberA{v}@{x};;;;;
;;;;;
\AppellF{1}@{\alpha}{\beta}{\beta'}{\gamma}{x}{y};;;;;
\AppellF{2}@{\alpha}{\beta}{\beta'}{\gamma}{\gamma'}{x}{y};;;;;
\AppellF{3}@{\alpha}{\alpha'}{\beta}{\beta'}{\gamma}{x}{y};;;;;
\AppellF{4}@{\alpha}{\beta}{\gamma}{\gamma'}{x}{y};;;;;
;;;;;
\BesselJ{v}@{x};BesselJ[$0, $1];2;1;;
\BesselY{v}@{x};BesselY[$0, $1];2;1;;
\HankelH{1}{v}@{x};HankelH$0[$1, $2];3;1;;
\HankelmodM{\nu}@{x};;2;1;;
\HankelmodderivN{\nu}@{x};;2;1;;
\Hankelphasetheta{\nu}@{x};;2;1;;
\Hankelphasederivphi{\nu}@{x};;;;;
\zBesselj{\nu}{m};;;;;
\zderivBesselj{\nu}{m};;;;;
\zBessely{\nu}{m};;;;;
\zderivBessely{\nu}{m};;;;;
\BesselJimag{\nu}@{x};Sech[1/2 Pi $0] Re[BesselJ[I $0, $1]];2;1;;
\BesselYimag{\nu}@{x};Sech[1/2 Pi $0] Re[BesselY[I $0, $1]];2;1;;
\modBesselI{v}@{x};BesselI[$0, $1];2;1;;
\modBesselK{v}@{x};BesselK[$0, $1];2;1;;
\modcylinder{\nu}@{z};;2;1;;
\modBesselIimag{\nu}@{x};Re[BesselI[I*$0, $1]];2;1;;
\modBesselKimag{\nu}@{x};BesselK[I*$0, $1];2;1;;
\genBesselphi@{\rho}{\beta}{z};;;;;
\MittagLefflerE{a}{b}@{z};;;;;
\sphBesselJ{n}@{z};SphericalBesselJ[$0, $1];2;1;;
\sphBesselY{n}@{z};SphericalBesselY[$0, $1];2;1;;
\sphHankelh{1}{n}@{z};SphericalHankelH1[$0, $1];3;1;;
\sphHankelh{2}{n}@{z};SphericalHankelH2[$0, $1];3;1;;
\modsphBesseli{1}{n}@{z};Sqrt[1/2 Pi /$1] BesselI[$0 + 1/2, $1];3;1;;
\modsphBesseli{2}{n}@{z};Sqrt[1/2 Pi /$1] BesselI[-$0 - 1/2, $1];3;1;;
\modsphBesselK{n}@{z};Sqrt[1/2 Pi /$1] BesselK[$0 + 1/2, $1];2;1;;
\BesselAmat{\nu}@{\Matrix{T}};;;;;
\BesselBmat{\nu}@{\Matrix{T}};;;;;
\JacksonqBesselI{\nu}@{z}{q};;;;;
\JacksonqBesselII{\nu}@{z}{q};;;;;
\JacksonqBesselIII{\nu}@{z}{q};;;;;
;;;;;
\BickleyKi{\alpha}@{x};;;;;
;;;;;
\EulerBeta@{a}{b};Beta[$0, $1];2;;;
\incBeta{x}@{a}{b};Beta[$0, $1, $2];3;;It has a branch cut for complex parameters (x in DLMF).;
\normincBetaI{x}@{a}{b};BetaRegularized[$0, $1, $2];3;;;
\multivarEulerBeta{m}@{a}{b};;;;;
;;;;;
\canonint{K}@{\Vector{x}};;;;;
\umbcanonint@{\Vector{x}};;;;;
\ellumbcanonint@{\Vector{x}};;;;;
\hyperumbcanonint@{\Vector{x}};;;;;
;;;;;
\Catalannumber@{n};;;;;
;;;;;
\cuspcatastrophe{K}@{t}{\Vector{x}};;3;1;;
\ellumbcatastrophe@{s}{t}{\Vector{x}};;;;;
\hyperumbcatastrophe@{s}{t}{\Vector{x}};;;;;
\diffrcanonint{K}@{\Vector{x}}{k};;;;;
\umbdiffrcanonint@{\Vector{x}}{k};;;;;
\ellumbdiffrcanonint@{\Vector{x}}{k};;;;;
\hyperumbdiffrcanonint@{\Vector{x}}{k};;;;;
;;;;;
\ChebyshevPsi@{x};;;;;
;;;;;
\regCoulombF{L}@{\eta}{\rho};;3;2;;
\regCoulombf@{\epsilon}{\ell}{r};;3;3;;
\irregCoulombc@{\epsilon}{\ell}{r};;3;3;;
\regCoulombs@{\epsilon}{\ell}{r};;3;3;;
\irregCoulombh@{\epsilon}{\ell}{r};;3;3;;
\irregCoulombG{\ell}@{\eta}{\rho};;3;2;;
\irregCoulombH{\pm}{\ell}@{\eta}{\rho};;4;2;;
\normCoulombC{\ell}@{\eta};;;;;
\Coulombphasetheta{\ell}@{\eta}{\rho};;;;;
\Coulombphasesigma{\ell}@{\eta};;;;;
\envCoulumbM{\ell}@{\eta}{\rho};;;;;
\Coulombturnrho@{\eta}{\ell};;;;;
\Coulombturnr@{\epsilon}{\ell};;;;;
;;;;;
\BesselC{\nu}@{z};;2;1;;
\paraU@{a}{z};ParabolicCylinderD[-$0 - 1/2, $1];2;2;;
\paraUbar@{a}{x};;;;;
\paraV@{a}{z};;2;2;;
\paraW@{a}{x};;2;2;;
\WhittakerparaD{\nu}@{z};;;;;
;;;;;
\DawsonsintF@{z};DawsonF[$0];1;;;
;;;;;
\Dedekindeta@{\tau};;;;;
;;;;;
\Diracdelta@{x-a};;;;;
\deltaDistribution;;;;;
;;;;;
\DirichletL@{s}{\chi};;;;;
\Dirichletchar@@{n}{k};;;;;
;;;;;
\DiscriminantDelta@{\tau};;;;;
;;;;;
\nprimesdiv@{n};;;;;
\nprimes@{x};;;;;
\ndivisors[k]@{n};;;;;
\ndivisors@{n};;;;;
\sumdivisors{\alpha}@{n};;;;;
\sumdivisors{1}@{n};;;;;
\JordanJ{k}@{n};;;;;
\Moebiusmu@{n};;;;;
\Liouvillelambda@{n};;;;;
\MangoldtLambda@{n};;;;;
;;;;;
\Bulirschcompellintcel@{k_c}{p}{a}{b};;;;;
\Bulirschincellintel{1}@{x}{k_c};;;;;
\Bulirschincellintel{2}@{x}{k_c}{a}{b};;;;;
\Bulirschincellintel{3}@{x}{k_c}{p};;;;;
\Carlsonmultivarhyper{-a}@{\Vector{b}}{\Vector{z}};;;;;
\CarlsonsymellintRF@@{x}{y}{z};;;;;
\CarlsonsymellintRJ@@{x}{y}{z}{p};;;;;
\CarlsonsymellintRG@@{x}{y}{z};;;;;
\CarlsonsymellintRD@@{x}{y}{z};;;;;
\CarlsonellintRC@@{x}{y};;;;;
;;;;;
\EulersumH@{s};;;;;
\genEulersumH@{s}{z};;;;;
\EulerPhi@{x};;;;;
\EulerGamma@{z};Gamma[$0];1;1;;
\Eulertotientphi[k]@{n};;;;;
\Eulertotientphi[0]@{n};;;;;
\Euleriannumber{n}{k};;;;;
;;;;;
\erf@@{z};Erf[$0];1;;;
\erfc@@{z};Erfc[$0];1;;;
\erfw@{z};Exp[-$0^2]*Erfc[-I*$0];1;;There is no direct translation but you can use the alternative formula instead if you want.;
\inverf@@{x};InverseErf[$0];1;;;
\inverfc@@{x};InverseErfc[$0];1;;;
\repinterfc{n}@{z};;;;;
-\iunit \erf@@{\iunit z};;;;;
\FishersHh{n}@{z};;;;;
\Faddeevaw@{z};;;;;
\FibonacciNumber{n};;;;;
;;;;;
\FresnelintF@{z};;;;;
\Fresnelcosint@{z};FresnelC[$0];1;;;
\Fresnelsinint@{z};FresnelS[$0];1;;;
\auxFresnelf@{z} ;FresnelF[$0];1;;;
\auxFresnelg@{z};FresnelG[$0];1;;;
;;;;;
\EulerGamma@{z};Gamma[$0];1;;;
\incgamma@{a}{z};Gamma[$0, 0, $1];3;;Mathematica's generalized incomplete gamma function defines variable intervals. The 2nd and 3rd argument defines the interval. Based on the DLMF definition, the interval is [0,z].;
\incGamma@{a}{z};Gamma[$0, $1];2;;;
\ln@@{\EulerGamma@{z}};LogGamma[$0];1;;It's not the same like Log[Gamma[z]];
\digamma@{z};PolyGamma[$0];1;1;;
\polygamma{n}@{z};PolyGamma[$0, $1];2;;;
\BarnesG@{z};BarnesG[$0];1;;;
\normincGammaP@{a}{z};GammaRegularized[$0, 0, $1];3;;;
\normincGammaQ@{a}{z};GammaRegularized[$0, $1];2;;;
\scincgamma@{a}{z};;;;;
\multivarEulerGamma{m}@{a};;;;;
;;;;;
\AGM@{a}{g};;;;;
\Gausssum@{n}{\Dirichletchar};;;;;
;;;;;
\GoodwinStatonint@{z};;;;;
;;;;;
\HarmonicNumber{n};;;;;
\digamma@{z+1}+\EulerConstant;;;;;
\sum_{k=1}^{n}\frac{1}{k^z};;;;;
\sphharmonicY{l}{m}@{\theta}{\phi};;;;;
\surfharmonicY{l}{m}@{\theta}{\phi};;;;;
;;;;;
\HeavisideH@{x};;;;;
;;;;;
\HeunHl@@{a}{q}{\alpha}{\beta}{\gamma}{\delta}{z};;;;;
;;;;;
;;;;;
;;;;;
;;;;;
\HeunHf{m}{a}{b}@@{a}{q}{\alpha}{\beta}{\gamma}{\delta}{z};;;;;
;;;;;
\hyperF@@@{a}{b}{c}{z};Hypergeometric2F1[$0, $1, $2, $3];4;4;;
\genhyperOlverF{2}{1}@{a,b}{c}{z};;;;;
\genhyperF{p}{q}@@@{a_1,...,a_p}{b_1,...,b_q}{z};;;;;
\genhyperH{p}{q}@@@{a_1,...,a_p}{b_1,...,b_q}{z};;;;;
\hyperOlverF@@@{a}{b}{c}{z};;;;;
\KummerconfhyperM@{a}{b}{z};Hypergeometric1F1[$0, $1, $2];3;3;;
\KummerconfhyperU@{a}{b}{z};HypergeometricU[$0, $1, $2];3;3;;
\OlverconfhyperM@{a}{b}{z};Hypergeometric1F1Regularized[$0, $1, $2];3;3;;
\genhyperPsimat@{a}{b}{\Matrix{T}};;;;;
\LauricellaFD@{a}{b_1,...,b_n}{c}{z_1,...,z_n};;;;;
\RiemannsymP@{\begin{Bmatrix} \alpha & \beta &\gamma & \\ a_1 & b_1 & c_1 & z \\ a_2 & b_2 & c_2 & \end{Bmatrix}};;;;;
;;;;;
\idem@{\chi_1}{\chi_1,...,\chi_n};;;;;
;;;;;
\Jacobiphi{\alpha}{\beta}{\lambda}@{t};;;;;
\genJacobiellk{p}{q};;;;;
\Jacobiamk@{z}{k};;;;;
;;;;;
\Jacobiellsnk@@{z}{k};JacobiSN[$0, ($1)^2];2;;;
\Jacobiellcnk@@{z}{k};JacobiCN[$0, ($1)^2];2;;;
\Jacobielldnk@@{z}{k};JacobiDN[$0, ($1)^2];2;;;
\Jacobiellsdk@@{z}{k};JacobiSD[$0, ($1)^2];2;;;
\Jacobiellcdk@@{z}{k};JacobiCD[$0, ($1)^2];2;;;
\Jacobiellsck@@{z}{k};JacobiSC[$0, ($1)^2];2;;;
\Jacobiellnsk@@{z}{k};JacobiNS[$0, ($1)^2];2;;;
\Jacobiellnck@@{z}{k};JacobiNC[$0, ($1)^2];2;;;
\Jacobiellndk@@{z}{k};JacobiND[$0, ($1)^2];2;;;
\Jacobielldsk@@{z}{k};JacobiDS[$0, ($1)^2];2;;;
\Jacobielldck@@{z}{k};JacobiDC[$0, ($1)^2];2;;;
\Jacobiellcsk@@{z}{k};JacobiCS[$0, ($1)^2];2;;;
\aJacobiellsnk@@{z}{k};;;;;
\aJacobiellcnk@@{z}{k};;;;;
\aJacobielldnk@@{z}{k};;;;;
\aJacobiellsdk@@{z}{k};;;;;
\aJacobiellcdk@@{z}{k};;;;;
\aJacobiellsck@@{z}{k};;;;;
\aJacobiellnsk@@{z}{k};;;;;
\aJacobiellnck@@{z}{k};;;;;
\aJacobiellndk@@{z}{k};;;;;
\aJacobielldsk@@{z}{k};;;;;
\aJacobielldck@@{z}{k};;;;;
\aJacobiellcsk@@{z}{k};;;;;
\JacobiEpsilonk@{x}{k};;;;;
\Jacobithetaq{1}@{z}{q};EllipticTheta[1, $1, $2];3;1;;
\Jacobithetaq{2}@{z}{q};EllipticTheta[2, $1, $2];3;1;;
\Jacobithetaq{3}@{z}{q};EllipticTheta[3, $1, $2];3;1;;
\Jacobithetaq{4}@{z}{q};EllipticTheta[4, $1, $2];3;1;;
\Jacobithetaq{j}@{z}{q};EllipticTheta[$0, $1, $2];3;1;;
\Jacobithetatau{j}@{z}{\tau};EllipticTheta[$0, $1, $2];3;1;;
\Jacobithetacombinedq{n}{m}@{z}{q};;;;;
\AThetaFunction@{x};;;;;
\JacobiZetak@{x}{k};;;;;
\Jacobisym{n}{P};;;;;
;;;;;
\Kelvinber{\nu}@@{x};;2;1;;
\Kelvinbei{\nu}@@{x};;2;1;;
\Kelvinker{\nu}@@{x};;2;1;;
\Kelvinkei{\nu}@@{x};;2;1;;
\frac{1}{2}\HankelH{1}{\nu}@{x\left(-\frac{1}{2}\sqrt{2}+\frac{1}{2}\iunit\sqrt{2}\right)} + \frac{1}{2}\HankelH{2}{\nu}@{x\left(-\frac{1}{2}\sqrt{2}-\frac{1}{2}\iunit\sqrt{2}\right)};;;;;
\frac{1}{2}\iunit\left(\HankelH{2}{\nu}@{x\left(-\frac{1}{2}\sqrt{2}-\frac{1}{2}\iunit\sqrt{2}\right)} - \HankelH{1}{\nu}@{x\left(-\frac{1}{2}\sqrt{2}+\frac{1}{2}\iunit\sqrt{2}\right)}\right);;;;;
;;;;;
\LameEc{m}{\nu}@{z}{k^2};;4;1;;
\LameEs{m}{\nu}@{z}{k^2};;4;1;;
\Lameeigvala{n}{\nu}@{k^2};;;;;
\Lameeigvalb{n}{\nu}@{k^2};;;;;
;;;;;
\FerrersP{\nu}@{z};LegendreP[$0, $1];2;1;;
X1:\FerrersPX\FerrersP[\mu]{\nu}@{x};LegendreP[$1, $0, $2];3;1;;
\FerrersQ{\nu}@{z};LegendreQ[$0, $1];2;1;;
X1:\FerrersQX\FerrersQ[\mu]{\nu}@{x};LegendreQ[$1, $0, $2];3;1;;
\assLegendreP{\nu}@{z};LegendreP[$0, 2, 3, $1];2;1;;
X1:\assLegendrePX\assLegendreP[\mu]{\nu}@{z};LegendreP[$1, $0, 3, $2];3;1;;
\assLegendreQ{\nu}@{z};LegendreQ[$0, 2, 3, $1];2;1;;
X1:\assLegendreQX\assLegendreQ[\mu]{\nu}@{z};LegendreQ[$1, $0, 3, $2];3;1;;
\assLegendreOlverQ{\nu}@{z};Exp[-$0 Pi I] LegendreQ[$0, 2, 3, $1]/Gamma[$0 + 3];3;1;;
X1:assLegendreOlverQX\assLegendreOlverQ[\mu]{\nu}@{z};Exp[-$0 Pi I] LegendreQ[$1, $0, 3, $2]/Gamma[$1 + $0 + 1];3;1;;
\DunsterQ{-\frac{1}{2}+i\tau}@{x};;3;1;;
X1:DunsterQX\DunsterQ[-\mu]{-\frac{1}{2}+i\tau}@{x};;3;1;;
;;;;;
\incellintFk@{\phi}{k};;;;;
\incellintEk@{\phi}{k};;;;;
\incellintPik@{\phi}{\alpha^2}{k};;;;;
\incellintDk@{\phi}{k};;;;;
\compellintKk@{k};EllipticK[($0)^2];1;1;;
\compellintEk@{k};;;;;
\compellintPik@{\alpha^2}{k};;;;;
\compellintDk@{k};;;;;
\ccompellintKk@{k};;;;;
\ccompellintEk@{k};;;;;
\incellintPik@{\pi/2}{\nu}{\sqrt{1-k^2}};;;;;
;;;;;
\LerchPhi@{z}{s}{a};;;;;
;;;;;
\Lommels{\mu}{\nu}@{z};;;;;
\LommelS{\mu}{\nu}@{z};;;;;
;;;;;
;;;;;
;;;;;
;;;;;
;;;;;
\Mathieueigvala{n}@@{q};;;;;
\Mathieueigvalb{n}@@{q};;;;;
\Mathieueigvallambda{m}@@{q};;;;;
;;;;;
\Mathieuce{n}@@{z}{q};MathieuC[$0, $2, $1];3;1;;
;;;;;
\Mathieuse{n}@@{z}{q};MathieuS[$0, $2, $1];3;1;;
\Mathieume{n}@@{z}{q};;3;1;;
;;;;;
;;;;;
\modMathieuCe{\nu}@@{z}{q};;;;;
\modMathieuSe{\nu}@@{z}{q};;;;;
\modMathieuMe{\nu}@@{z}{q};;;;;
\modMathieuFe{n}@@{z}{q};;;;;
\modMathieuGe{n}@@{z}{q};;;;;
\modMathieuM{j}{\nu}@@{z}{h};;4;1;;
\modMathieuIe{n}@@{z}{h};;;;;
\modMathieuIo{n}@@{z}{h};;;;;
\modMathieuKe{n}@@{z}{h};;;;;
\modMathieuKo{n}@@{z}{h};;;;;
\radMathieuMc{j}{n}@@{z}{h};;4;1;;
\radMathieuMs{j}{n}@@{z}{h};;4;1;;
\Mathieufe{n}@@{z}{q};;3;1;;
\Mathieuge{n}@@{z}{q};;3;1;;
\modMathieuD{j}@{\nu}{\mu}{z};;;;;
\radMathieuDs{j}@{n}{m}{z};;;;;
\radMathieuDc{j}@{n}{m}{z};;;;;
\radMathieuDsc{j}@{n}{m}{z};;;;;
\MathieuFc{m}@{z}{h};;;;;
\MathieuFs{m}@{z}{h};;;;;
\MathieuGc{m}@{z}{h};;;;;
\MathieuGs{m}@{z}{h};;;;;
;;;;;
;;;;;
;;;;;
\MeijerG{m}{n}{p}{q}@@@{z}{\Vector{a}}{\Vector{b}};;;;;
;;;;;
\MillsM@{x};;;;;
;;;;;
\modularlambdatau@{\tau};;;;;
\KleincompinvarJtau@{\tau};;;;;
\Dedekindeta@{\tau};;;;;
;;;;;
\Pade{p}{q}{f};;;;;
;;;;;
\Ramanujansum{k}@{n};;;;;
\Ramanujantau@{n};;;;;
;;;;;
\Rayleighsigma{n}@{\nu};;;;;
;;;;;
\Riemanntheta@{\Vector{z}}{\Matrix{\Omega}};;;;;
\Riemannthetachar{\Vector{\alpha}}{\Vector{\beta}}@{\Vector{z}}{\Matrix{\Omega}};;;;;
\scRiemanntheta@{\Vector{z}}{\Matrix{\Omega}};;;;;
\Riemannxi@{s};;;;;
\Riemannzeta@{s};;1;1;;
;;;;;
\ScorerGi@{z};;1;1;;
\ScorerHi@{z};;1;1;;
;;;;;
\spheigvalLambda{m}{n}@{\gamma^2};;;;;
\sphwavePsreal{m}{n}@{x}{\gamma^2};;4;1;;
\sphwaveQsreal{m}{n}@{x}{\gamma^2};;4;1;;
\sphwavePs{m}{n}@{z}{\gamma^2};;;;;
\sphwaveQs{m}{n}@{z}{\gamma^2};;;;;
\radsphwaveS{m}{j}{n}@{z}{\gamma};SpheroidalS$1[$2, $0, $3, $4];5;1;;
;;;;;
\Stirlingnumbers@{n}{k};StirlingS1[$0, $1];2;;;
\StirlingnumberS@{n}{k};StirlingS2[$0, $1];2;;;
;;;;;
\StruveH{\nu}@{z};;2;1;;
\StruveK{\nu}@{z};;2;1;;
\modStruveL{\nu}@{z};;2;1;;
\modStruveM{\nu}@{z};;;;;
;;;;;
\Legendresym{n}{p};;;;;
\Kroneckerdelta{j}{k};;;;;
\NeumannFactor{n};;;;;
\LeviCivitasym{j}{k}{l};;;;;
\RiemannsymP@{\begin{Bmatrix} \alpha & \beta &\gamma & \\ a_1 & b_1 & c_1 & z \\ a_2 & b_2 & c_2 & \end{Bmatrix}};;;;;
\Pochhammersym{a}{n};Pochhammer[$0, $1];;;;
\Wignerthreejsym@@{j_1}{j_2}{j_3}{m_1}{m_2}{m_3};;;;;
\Wignersixjsym@@{j_{1}}{j_{2}}{j_{3}}{l_{1}}{l_{2}}{l_{3}};;;;;
\Wignerninejsym@@{j_{11}}{j_{12}}{j_{13}}{j_{21}}{j_{22}}{j_{23}}{j_{31}}{j_{32}}{j_{33}};;;;;
\ClebschGordan{j_1}{m_1}{j_2}{m_2}{j_3}{-m_3};;;;;
;;;;;
\terminant{p}@{z};;;;;
\scterminant{p}@{z};;;;;
;;;;;
\FourierTrans@@{f}{s};;;;;
\LaplaceTrans@{f}{s};;;;;
\MellinTrans@{f}{s};;;;;
\HilbertTrans@{f}{s};;;;;
\StieltjesTrans@{f}{s};;;;;
;;;;;
\variation[a,b]@{f};;;;;
;;;;;
\gradient f;;;;;
\divergence F;;;;;
\curl F;;;;;
;;;;;
\VoigtU@{x}{t};;;;;
\VoigtV@{x}{t};;;;;
\VoigtH@{a}{u};;;;;
;;;;;
\Waringg@{k};;;;;
\WaringG@{k};;;;;
\nsquares{k}@{n};;;;;
;;;;;
;;;;;
;;;;;
;;;;;
\Weierstrasspinvar@@{z}{g_2}{g_3};;3;1;;
\Weierstrassplatt@@{z}{\Lattice{L}};;2;1;;
;;;;;
\Weierstrasszetainvar@@{z}{g_2}{g_3};;;;;
\Weierstrasszetalatt@@{z}{\Lattice{L}};;2;1;;
\Weierstrasssigmainvar@@{z}{g_2}{g_3};;;;;
\Weierstrasssigmalatt@@{z}{\Lattice{L}};;2;1;;
;;;;;
\WhittakerconfhyperM{\kappa}{\mu}@{z};WhittakerM[$0, $1, $2];3;3;;
\WhittakerconfhyperW{\kappa}{\mu}@{z};WhittakerW[$0, $1, $2];3;3;;
;;;;;
\Riemannzeta@{s};;1;1;;
;;;;;
\Hurwitzzeta@{s}{a};HurwitzZeta[$0, $1];2;1;;
;;;;;
\Weierstrasszetainvar@@{z}{g_2}{g_3};;;;;
\Weierstrasszetalatt@@{z}{\Lattice{L}};;;;;
\JacobiZetak@{x}{k};;;;;
\perZeta@{x}{s};;;;;
;;;;;
;;;;;
;;;;;
DRMF Macro;;;;;
\AlSalamChiharapolyQ{n}@{x}{a}{b}{q};;;;;
\AlSalamChihara{n}@@{x}{a}{b}{q};;;;;
\qinvAlSalamChihara{n}@{x}{a}{b}{q^{-1}};;;;;
\AlSalamCarlitzI{a}{n}@{x}{q};;;;;
\AlSalamCarlitzII{a}{n}@{x}{q};;;;;
\AlSalamIsmail{n}@{x}{s}{q};;;;;
;;;;;
\AskeyWilson{n}@{x}{a}{b}{c}{d}{q};;;;;
\AskeyWilsonpolyp{n}@{x}{a}{b}{c}{d}{q};;;;;
;;;;;
\BernoullipolyB{n}@{0};;;;;
\BernoullipolyB{n}@{x};;;;;
\genBernoullipolyB{\ell}{n}@{x};;;;;
\perBernoulliB{n}@{x};;;;;
\qBernoullipolybeta{n}@{x}{q};;;;;
;;;;;
\Bellnumber@{n};;;;;
;;;;;
;;;;;
;;;;;
;;;;;
\BesselPoly{n}@{x}{a};;3;1;;
\Besselpolyy{n}@{x}{a};Pochhammer[$0 + $2 - 1, $0] ($1/2)^$0 Hypergeometric1F1[-$0, -2 $0 - $2 + 2, 2/$1];;;;
\BesselPolyIIparam{n}@{x}{a}{b};;;;;
\BesselPolyTheta{n}@{x}{a}{b};;;;;
;;;;;
\Charlier{n}@{x}{a};;;;;
\CharlierpolyC{n}@{x}{a};;;;;
;;;;;
\ChebyshevpolyT{n}@{x};;2;1;;
\ChebyshevpolyU{n}@{x};;2;1;;
\ChebyshevpolyV{n}@{x};;;;;
\ChebyshevpolyW{n}@{x};;;;;
\shiftChebyshevpolyT{n}@{x};;;;;
\shiftChebyshevpolyU{n}@{x};;;;;
\dilChebyshevpolyC{n}@{x};;;;;
\dilChebyshevpolyS{n}@{x};;;;;
\CiglerqChebyT{n}@{x}{s}{q};;;;;
\CiglerqChebyU{n}@{x}{s}{q};;;;;
\monicChebyT{n}@@{x};;;;;
\monicChebyU{n}@@{x};;;;;
;;;;;
\diskpoly{\alpha}{m}{n}@{z};;;;;
;;;;;
\EulerpolyE{n}@{x};;;;;
\genEulerpolyE{\ell}{n}@{x};;;;;
\perEulerE{n}@{x};;;;;
;;;;;
\Ultra{\lambda}{n}@{x};;;;;
\ultrasphpoly{\lambda}{n}@{x};;;;;
\GenGegenbauerS{\alpha}{\beta}{n}@{x};;;;;
;;;;;
\Hahn{n}@{x}{\alpha}{\beta}{N};;;;;
\HahnpolyQ{n}@{x}{\alpha}{\beta}{N};;;;;
\dualHahnpolyR{n}@{x}{\gamma}{\delta}{N};;;;;
\dualHahn{n}@@{\lambda(x)}{\gamma}{\delta}{N};;;;;
\contdualHahnpolyS{n}@{x}{a}{b}{c};;;;;
\contHahnpolyp{n}@{x}{a}{b}{\conj{a}}{\conj{b}};;;;;
;;;;;
\Hermite{n}@{x};;;;;
\HermitepolyH{n}@{x};;2;1;;
\dilHermitepolyHe{n}@{x};;;;;
\GenHermite[\alpha]{n}@{x};;;;;
;;;;;
\HeunpolyHp{n}{m}@@{a}{q}{-n}{\beta}{\gamma}{\delta}{z};;;;;
;;;;;
\Jacobi{\alpha}{\beta}{n}@{x};JacobiP[$2, $0, $1, $3];4;;;
\JacobipolyP{\alpha}{\beta}{n}@{x};JacobiP[$2, $0, $1, $3];4;;;
\shiftJacobipolyG{n}@{p}{q}{x};;;;;
\assJacobipolyP{\alpha}{\beta}{n}@{x}{c};;;;;
\pseudoJacobi{n}@{x}{\nu}{N};;;;;
\trianglepoly{\alpha}{\beta}{\gamma}{m}{n}@{x}{y};;;;;
;;;;;
\Krawtchouk{n}@{x}{p}{N};;;;;
\KrawtchoukpolyK{n}@{x}{p}{N};;;;;
;;;;;
\Laguerre[\alpha]{n}@{x};;;;;
\LaguerrepolyL[\alpha]{n}@{x};;;;;
\GottliebLaguerre{n}@{x};;;;;
;;;;;
\LamepolyuE{m}{2n}@{z}{k^2};;;;;
\LamepolysE{m}{2n+1}@{z}{k^2};;;;;
\LamepolycE{m}{2n+1}@{z}{k^2};;;;;
\LamepolydE{m}{2n+1}@{z}{k^2};;;;;
\LamepolyscE{m}{2n+2}@{z}{k^2};;;;;
\LamepolysdE{m}{2n+2}@{z}{k^2};;;;;
\LamepolycdE{m}{2n+2}@{z}{k^2};;;;;
\LamepolyscdE{m}{2n+3}@{z}{k^2};;;;;
;;;;;
\LegendrepolyP{n}@{x};LegendreP[$0, $1];;;;
\shiftLegendrepolyP{n}@{x};;;;;
\assLegendrepoly{n}@{x}{c};;;;;
;;;;;
\Meixner{n}@{x}{\beta}{c};;;;;
\MeixnerpolyM{n}@{x}{\beta}{c};;;;;
\MeixnerPollaczek{\lambda}{n}@{x}{\phi};;;;;
\MeixnerPollaczekpolyP{\lambda}{n}@{x}{\phi};;;;;
;;;;;
\NeumannpolyO{n}@{x};;;;;
;;;;;
\PollaczekpolyP{\lambda}{n}@{x}{a}{b};;;;;
;;;;;
\Racah{n}@{x}{\alpha}{\beta}{\gamma}{\delta};;;;;
\RacahpolyR{n}@{x}{\alpha}{\beta}{\gamma}{\delta};;;;;
;;;;;
\StieltjesWigert{n}@@{x}{q};;;;;
\StieltjesWigertpolyS{n}@{x}{q};;;;;
;;;;;
\Wilson{n}@{x}{a}{b}{c}{d};;;;;
\WilsonpolyW{n}@{x}{a}{b}{c}{d};;;;;
;;;;;
\zonalpolyZ{\kappa}@{\Matrix{T}};;;;;
;;;;;
;;;;;
;;;;;
DRMF Macro;;;;;
\qSin{q}@@{x};;;;;
\qsin{q}@@{x};;;;;
\qSinKLS{q}@@{z};;;;;
\qsinKLS{q}@@{z};;;;;
\qCos{q}@@{x};;;;;
\qcos{q}@@{x};;;;;
\qCosKLS{q}@@{z};;;;;
\qcosKLS{q}@@{z};;;;;
\qExp{q}@@{x};;;;;
\qexp{q}@@{x};;;;;
\qExpKLS{q}@@{z};;;;;
\qexpKLS{q}@@{z};;;;;
\qAppellPhi{1}@{a}{b}{b'}{c}{q}{x}{y};;;;;
\qAppellPhi{2}@{a}{b}{b'}{c}{c'}{q}{x}{y};;;;;
\qAppellPhi{3}@{a}{a'}{b}{b'}{c}{q}{x}{y};;;;;
\qAppellPhi{4}@{a}{b}{c}{c'}{q}{x}{y};;;;;
\qBernoullipolybeta{n}@{x}{q};;;;;
\qBesselPoly{n}@{x}{b}{q};;;;;
\qBeta{q}@{a}{b};;;;;
\qbinom{n}{m}{q};;;;;
\qCharlier{n}@{x}{c}{q};;;;;
\qderiv[n]{q}@{z};;;;;
\qdiff{q}{x};;;;;
\qGamma{q}@{z};;;;;
\qDigamma{q}@{z};;;;;
\qEulernumberA{m}{s}@{q};;;;;
\qfactorial{n}{q};;;;;
\qGamma{q}@{z};;;;;
\qHahn{n}@@{q^{-x}}{\alpha}{\beta}{N};;;;;
\qHahnpolyQ{n}@{x}{\alpha}{\beta}{N}{q};;;;;
\dualqHahn{n}@@{\mu(x)}{\gamma}{\delta}{N}{q};;;;;
\contqHermitepolyH{n}@{x}{q};;;;;
\contqinvHermitepolyh{n}@{x}{q};;;;;
\discqHermitepolyhI{n}@{x}{q};;;;;
\discqHermitepolyhII{n}@{x}{q};;;;;
\discrqHermiteI{n}@@{x}{q};;;;;
\discrqHermiteII{n}@@{x}{q};;;;;
\bigqJacobipolyP{n}@{x}{a}{b}{c}{q};;;;;
\bigqJacobi{n}@@{x}{a}{b}{c}{q};;;;;
\scbigqJacobipolyP{\alpha}{\beta}{n}@{x}{c}{d}{q};;;;;
\bigqJacobiIVparam{n}@@{x}{a}{b}{c}{d}{q};;;;;
\littleqJacobipolyp{n}@{x}{a}{b}{q};;;;;
\littleqJacobi{n}@@{x}{a}{b}{q};;;;;
\qKrawtchouk{n}@@{q^{-x}}{p}{N}{q};;;;;
\dualqKrawtchouk{n}@@{\lambda(x)}{c}{N}{q};;;;;
\qtmqKrawtchouk{n}@@{q^{-x}}{p}{N}{q};;;;;
\AffqKrawtchouk{n}@@{q^{-x}}{p}{N}{q};;;;;
\qLaguerre[\alpha]{n}@@{x}{q};;;;;
\qLaguerrepolyL[\alpha]{n}@{x}{q};;;;;
\bigqLaguerre{n}@{x}{a}{b}{q};;;;;
\littleqLaguerre{n}@{x}{a}{q};;;;;
\qLegendre{n}@{x}{q};;;;;
\bigqLegendre{n}@{x}{c}{q};;;;;
\littleqLegendre{m}@{x}{q};;;;;
\qMeixner{n}@{x}{b}{c}{q};;;;;
\qMeixnerPollaczek{n}@{x}{a}{q};;;;;
\qPochhammer{a}{q}{n};;;;;
\qmultiPochhammersym{a_1,\ldots,a_n}{q}{n};;;;;
\qpolygamma{n}{q}@{z};;;;;
\qRacah{n}@{x}{\alpha}{\beta}{\gamma}{\delta}{q};;;;;
\qRacahpolyR{n}@{x}{\alpha}{\beta}{\gamma}{\delta}{q};;;;;
\qStirlingnumbera{m}{s}@{q};;;;;
\contqultrasphpoly{n}@{x}{\beta}{q};;;;;
\qHyperrWs{r}{r+1}@@@{a_1}{a_4,a_5,...,a_{r+1}}{q}{z};;;;;
\qgenhyperphi{r}{s}@@@{a_1,...,a_r}{b_1,...,b_s}{q}{z};;;;;
\qgenhyperpsi{r}{s}@@@{a_1,...,a_r}{b_1,...,b_s}{q}{z};;;;;
\qmultinomial{a_1+\ldots+a_n}{a_1,\ldots,a_n}{q};;;;;
;;;;;
\ctsHahn{n}@@{x}{a}{b}{c}{d};;;;;
\ctsbigqHermite{n}@{x}{a}{q};;;;;
\ctsdualHahn{n}@@{x^2}{a}{b}{c};;;;;
\ctsdualqHahn{n}@{x}{a}{b}{c}{q};;;;;
\ctsqHahn{n}@{x}{a}{b}{c}{d}{q};;;;;
\ctsqHermite{n}@@{x}{q};;;;;
\ctsqJacobi{\alpha}{\beta}{m}@{x}{q};;;;;
\ctsqJacobiRahman{n}@@{x}{q};;;;;
\ctsqLaguerre{\alpha}{n}@{x}{q};;;;;
\ctsqLegendre{n}@@{x}{q};;;;;
\ctsqLegendreRahman{n}@@{x}{q};;;;;
\ctsqUltra{n}@{x}{\beta}{q};;;;;
\ctsqUltrae{n}@{e^{i\theta}}{\beta}{q};;;;;
;;;;;
\monicAffqKrawtchouk{n}@@{q^{-x}}{p}{N}{q};;;;;
\monicAlSalamCarlitzI{a}{n}@@{x}{q};;;;;
\monicAlSalamCarlitzII{a}{n}@@{x}{q};;;;;
\monicAlSalamChihara{n}@@{x}{a}{b}{q};;;;;
\monicAskeyWilson{n}@@{x}{a}{b}{c}{d}{q};;;;;
\monicBesselPoly{n}@@{x}{a};;;;;
\monicCharlier{n}@@{x}{a};;;;;
\monicChebyT{n}@@{x};;;;;
\monicChebyU{n}@@{x};;;;;
\monicHahn{n}@@{x}{\alpha}{\beta}{N};;;;;
\monicHermite{n}@@{x};;;;;
\monicJacobi{n}@@{x};;;;;
\monicKrawtchouk{n}@@{q^{-x}}{p}{N}{q};;;;;
\monicLaguerre{n}@@{x};;;;;
\monicLegendrePoly{n}@@{x};;;;;
\monicMeixner{n}@@{x}{\beta}{c};;;;;
\monicMeixnerPollaczek{\lambda}{n}@@{x}{\phi};;;;;
\monicRacah{n}@@{\lambda(x)}{\alpha}{\beta}{\gamma}{\delta};;;;;
\monicStieltjesWigert{n}@@{x}{q};;;;;
\monicUltra{n}@@{x};;;;;
\monicWilson{n}@@{x^2}{a}{b}{c}{d};;;;;
\monicbigqJacobi{n}@@{x}{a}{b}{c}{q};;;;;
\monicbigqLaguerre{n}@@{x}{a}{b}{q};;;;;
\monicbigqLegendre{n}@@{x}{c}{q};;;;;
\monicctsHahn{n}@@{x}{a}{b}{c}{d};;;;;
\monicctsbigqHermite{n}@@{x}{a}{q};;;;;
\monicctsdualHahn{n}@@{x^2}{a}{b}{c}{d};;;;;
\monicctsdualqHahn{n}@@{x^2}{a}{b}{c};;;;;
\monicctsqHahn{n}@@{x}{a}{b}{c}{d}{q};;;;;
\monicctsqHermite{n}@@{x}{q};;;;;
\monicctsqJacobi{n}@@{x}{q};;;;;
\monicctsqLaguerre{n}@@{x}{q};;;;;
\monicctsqLegendre{n}@@{x}{q};;;;;
\monicctsqUltra{n}@@{x}{\beta}{q};;;;;
\monicdiscrqHermiteI{n}@@{x}{q};;;;;
\monicdiscrqHermiteII{n}@@{x}{q};;;;;
\monicdualHahn{n}@@{\lambda(x)}{\gamma}{\delta}{N};;;;;
\monicdualqHahn{n}@@{\mu(x)}{\gamma}{\delta}{N}{q};;;;;
\monicdualqKrawtchouk{n}@@{\lambda(x)}{c}{N}{q};;;;;
\moniclittleqJacobi{n}@@{x}{a}{b}{q};;;;;
\moniclittleqLaguerre{n}@@{x}{a}{q};;;;;
\moniclittleqLegendre{n}@@{x}{q};;;;;
\monicpseudoJacobi{n}@@{x}{\nu}{N};;;;;
\monicqBesselPoly{n}@@{x}{a}{q};;;;;
\monicqCharlier{n}@@{q^{-x}}{a}{q};;;;;
\monicqHahn{n}@@{q^{-x}}{\alpha}{\beta}{N};;;;;
\monicqKrawtchouk{n}@@{q^{-x}}{p}{N}{q};;;;;
\monicqLaguerre{n}@@{x}{q};;;;;
\monicqMeixner{n}@@{q^{-x}}{b}{c}{q};;;;;
\monicqMeixnerPollaczek{n}@@{x}{a}{q};;;;;
\monicqRacah{n}@@{\mu(x)}{\alpha}{\beta}{\gamma}{\delta}{q};;;;;
\monicqinvAlSalamChihara{n}@{x}{a}{b}{q^{-1}};;;;;
\monicqtmqKrawtchouk{n}@@{q^{-x}}{p}{N}{q};;;;;
;;;;;
\normAskeyWilsonptilde{n}@@{x}{a}{b}{c}{d}{q};;;;;
\normJacobiR{\alpha}{\beta}{n}@{x};;;;;
\normWilsonWtilde{n}@@{x^2}{a}{b}{c}{d};;;;;
\normctsHahnptilde{n}@@{x}{a}{b}{c}{d};;;;;
\normctsdualHahnStilde{n}@@{x^2}{a}{b}{c}{d};;;;;
\normctsdualqHahnptilde{n}@@{x}{a}{b}{c}{q};;;;;
\normctsqHahnptilde{n}@@{x}{a}{b}{c}{d}{q};;;;;
\normctsqJacobiPtilde{n}@@{x}{q};;;;;
